No.,件号,名称,序号,翻修,工作状态,完成时间,芯体,焊接厂家,目前装机飞机,装机位置,本次装机日期,总装机循环,总装机时间,本次装机循环,本次装机时间,换芯后循环,换芯后时间,换芯后出现裂纹的循环,换芯后出现裂纹的时间,换芯时TSN CY,换芯时 TSN FH,拆下后发现裂纹CY TSN,拆下后发现裂纹FH TSN,换芯后送修几次,送修报告是否有裂纹,其他,是否有裂纹
120,182820-3,Heat Exchanger,5048,X,完成,2016-05-11,OEM芯体,成都凯泽,5797,左侧,24-Jun-19,21542,43313,176,345,4560,9332,4560,9332,16982,33981,,,5,无,,0
108,182820-3,Heat Exchanger,5053,X,完成,2016-05-17,OEM芯体,成都凯泽,1798,左侧,15-Jan-19,32964,53551,859,1686,5376,9522,5376,9522,27588,44029,,,3,无,,0
344,182820-3,Heat Exchanger,5057,X,完成,2018-11-08,OEM芯体,海技,5428,右侧,19-Nov-18,26010,37992,1001,1974,1001,1974,1001,1974,25009,36018,,,0,,,0
42,182820-3,Heat Exchanger,5072,X,完成,2016-02-04,OEM芯体,成都凯泽,6800,右侧,8-Dec-18,20427,38355,893,1947,5511,10699,5511,10699,14916,27656,,,3,无,,0
272,182820-3,Heat Exchanger,5192,X,完成,2017-09-29,OEM芯体,海技,5463,左侧,5-Jan-19,44432,68028,863,1666,2659,4959,2659,4959,41773,63069,,,0,,,0
262,182820-3,Heat Exchanger,5267,X,完成,2017-03-23,OEM芯体,海技,5806,左侧,19-Jan-19,31726,58973,1173,1530,3904,5901,3904,5901,27822,53072,,,3,无,,0
31,182820-3,Heat Exchanger,5637,X,完成,2016-02-01,OEM芯体,成都凯泽,5479,右侧,16-Jan-19,12774,23915,797,1577,4879,9263,4082,7686,7895,14652,11977,22338,3,2018-12-19海口附件检查法兰盘与热管路焊接处有裂纹，从5855拆下,,1
53,182820-3,Heat Exchanger,5682,X,完成,2016-02-23,OEM芯体,海技,1209,右侧,23-Apr-19,14782,29205,434,915,4691,9550,4691,9550,10091,19655,,,3,无,,0
174,182820-3,Heat Exchanger,5826,X,完成,2016-04-19,OEM芯体,成都凯泽,无,无,无,30864,58515,无,无,4333,7997,4315,8000,26531,50518,30846,58518,3,无,2019-7-20发现裂纹,1
81,182820-3,Heat Exchanger,5868,X,完成,2016-05-20,OEM芯体,武汉航达,1501,右侧,3-Dec-18,27536,53163,840,1720,4380,8711,2613,4995,23156,44452,25769,49447,3,2018-3-22海口附件检查法兰盘有裂纹，从5139拆下,,1
305,182820-3,Heat Exchanger,6069,X,完成,2017-12-13,OEM芯体,海技,1505,左侧,26-May-19,34793,57939,304,587,3141,7061,3141,7061,31652,50878,,,2,无,,0
146,182820-3,Heat Exchanger,6080,X,完成,2016-03-02,OEM芯体,海技,5638,右侧,9-Dec-18,42485,72456,939,1852,4787,9515,4787,9515,37698,62941,,,3,无,,0
248,182820-3,Heat Exchanger,6590,X,完成,2016-10-12,OEM芯体,海技,7105,右侧,25-Jul-19,9890,20512,61,116,3514,7987,3514,7987,6376,12525,,,3,无,,0
229,182820-3,Heat Exchanger,6842,X,完成,2016-04-12,OEM芯体,新乡平原,2157,右侧,24-May-19,28702,54209,191,470,4530,9284,4530,9284,24172,44925,,,3,无,,0
298,182820-3,Heat Exchanger,6888,X,完成,2017-09-12,OEM芯体,成都凯泽,5139,右侧,4-Jul-19,26333,50790,126,227,2051,4399,2051,4399,24282,46391,,,3,无,,0
151,182820-3,Heat Exchanger,6925,X,完成,2016-05-25,OEM芯体,成都凯泽,1315,右侧,6-Sep-18,16756,31362,1340,2710,4514,8863,2179,4149,12242,22499,14421,26648,3,2017-11-13海口附件检查法兰盘与热管路焊接处有裂纹，从1928拆下，,,1
227,182820-3,Heat Exchanger,6955,X,完成,2016-05-11,OEM芯体,成都凯泽,无,无,无,29286,56962,无,无,4716,9354,4716,9354,24570,47608,,,4,无,,0
83,182820-3,Heat Exchanger,7034,X,完成,2016-07-01,OEM芯体,海技,2158,左侧,10-Feb-19,28925,54424,253,589,4466,7944,4466,7944,24459,46480,,,3,无,,0
144,182820-3,Heat Exchanger,7056,X,完成,2016-02-25,OEM芯体,成都凯泽,7886,左侧,13-Jul-19,27585,52106,94,207,4977,9776,4977,9776,22608,42330,,,4,无,,0
110,182820-3,Heat Exchanger,7106,X,完成,2016-03-28,OEM芯体,成都凯泽,5712,左侧,10-Jan-19,28669,55098,816,1681,5047,9418,5047,9418,23622,45680,,,4,无,,0
173,182820-3,Heat Exchanger,7139,X,完成,2016-05-10,OEM芯体,成都凯泽,5711,左侧,10-Oct-18,26764,52149,1335,2713,6120,9074,6120,9074,20644,43075,,,3,无,,0
100,182820-3,Heat Exchanger,7736,X,完成,2016-03-23,OEM芯体,海技,5373,右侧,27-May-19,28229,50381,292,560,4701,9016,4409,8455,23528,41365,27937,49820,3,2019-5-10鹰之航检查芯体外漏，焊接修补外漏处,,1
372,182820-3,Heat Exchanger,7768,X,完成,12/22/2018,OEM芯体,武汉航达,5810,右侧,4-Jan-19,27177,47117,1158,1540,1158,1540,1158,1540,26019,45577,,,0,,,0
224,182820-3,Heat Exchanger,7808,X,完成,2016-05-13,OEM芯体,武汉航达,7993,右侧,28-Jul-19,27151,50502,46,90,4155,6532,4155,6532,22996,43970,,,5,无,,0
39,182820-3,Heat Exchanger,7865,X,完成,2016-01-29,OEM芯体,海技,1483,右侧,21-Jul-19,26962,51211,97,161,4795,9413,4795,9413,22167,41798,,,5,无,,0
213,182820-3,Heat Exchanger,8064,X,完成,2016-06-27,OEM芯体,成都凯泽,无装机,无,无,25939,52291,无,无,4043,8145,3104,5892,21896,44146,25000,50038,4,2018/9/4海口附件检查法兰盘与热管路焊接处有裂纹，从5713拆下,,1
67,182820-3,Heat Exchanger,8209,X,完成,2016-05-21,OEM芯体,武汉航达,1565,左侧,22-Apr-19,25927,51265,597,778,4709,8440,4709,8440,21218,42825,,,4,无,,0
93,182820-3,Heat Exchanger,8542,X,完成,2016-04-19,OEM芯体,成都凯泽,1549,右侧,21-Jul-19,24052,49027,63,137,4641,9356,4641,9356,19411,39671,,,4,无,,0
186,182820-3,Heat Exchanger,9307,X,完成,2016-03-31,OEM芯体,武汉航达,1787,左侧,23-Dec-18,16156,30609,1043,1863,4956,9468,4956,9468,11200,21141,,,4,无,,0
341,182820-3,Heat Exchanger,9446,X,完成,2018-11-13,OEM芯体,海技,5483,左侧,25-Nov-18,16696,29560,952,1908,952,1909,952,1909,15744,27651,,,,,,0
28,182820-3,Heat Exchanger,9891,X,完成,2016-01-15,OEM芯体,成都凯泽,5798,左侧,26-Apr-19,20825,40153,361,805,5790,9244,5790,9244,15035,30909,,,4,无,,0
40,182820-3,Heat Exchanger,10027,X,完成,2016-02-04,OEM芯体,成都凯泽,5135,右侧,28-Dec-18,23632,42850,876,1713,5164,9890,5164,9890,18468,32960,,,3,无,,0
204,182820-3,Heat Exchanger,10092,X,完成,2016-04-07,OEM芯体,成都凯泽,5375,右侧,26-Dec-18,19947,39168,868,1708,4494,8420,4494,8420,15453,30748,,,3,无,,0
104,182820-3,Heat Exchanger,10116,X,完成,2016-02-23,OEM芯体,成都凯泽,5462,右侧,24-Jul-19,24314,43104,55,99,5736,10097,5736,10097,18578,33007,,,4,无,,0
63,182820-3,Heat Exchanger,10166,X,完成,2016-05-21,OEM芯体,武汉航达,6061,右侧,11-Mar-19,22382,41609,580,1101,4100,7915,4100,7915,18282,33694,,,5,无,,0
96,182820-3,Heat Exchanger,10177,X,完成,2016-05-17,OEM芯体,成都凯泽,5403,左侧,13-Dec-18,25802,41294,1061,2106,4319,8039,4319,8039,21483,33255,,,4,无,,0
68,182820-3,Heat Exchanger,10198,X,完成,2016-06-24,OEM芯体,海技,1992,右侧,24-Dec-18,20724,38308,1075,2180,4500,9262,4500,9262,16224,29046,,,4,无,,0
72,182820-3,Heat Exchanger,10257,X,完成,2016-05-20,OEM芯体,新乡平原,1493,左侧,8-Jan-19,21868,42834,812,1648,5048,9546,5048,9546,16820,33288,,,4,无,,0
143,182820-3,Heat Exchanger,10266,X,完成,2016-05-25,OEM芯体,成都凯泽,1795,右侧,7-Feb-19,20826,40161,963,1487,4718,8474,1765,3146,16108,31687,17873,34833,4,"2017-7-20海口附件检查法兰盘与热管路焊接处有裂纹,1726拆下",1,1
185,182820-3,Heat Exchanger,10286,X,完成,2016-02-25,OEM芯体,海技,6063,右侧,5-Apr-19,20062,38287,467,921,4824,9075,4357,8154,15238,29212,19595,37366,4,2019-3-27鹰之航检查散热器有外漏，7377拆下,4,1
163,182820-3,Heat Exchanger,10296,X,完成,2016-06-12,OEM芯体,成都凯泽,无装机,无,无,21632,40420,无,无,5425,9582,5425,9582,16207,30838,,,4,无,,0
219,182820-3,Heat Exchanger,10358,X,完成,2016-03-31,OEM芯体,成都凯泽,5520,左侧,26-Jan-19,17267,32301,794,1538,4869,9181,4869,9181,12398,23120,,,4,无,,0
212,182820-3,Heat Exchanger,10467,X,完成,2016-06-13,OEM芯体,成都凯泽,7988,左侧,20-Jul-19,21692,41789,68,138,4540,8939,4540,8939,17152,32850,,,4,无,,0
136,182820-3,Heat Exchanger,10574,X,完成,2016-05-06,OEM芯体,武汉航达,5375,左侧,26-Dec-18,23473,39356,868,1708,4819,9130,4819,9130,18654,30226,,,4,无,,0
228,182820-3,Heat Exchanger,10603,X,完成,2016-04-06,OEM芯体,成都凯泽,无装机,无,无,19982,39615,无,无,4554,9339,3629,7381,15428,30276,19057,37657,4,2018-12-10鹰之航检查热路管爆裂，芯体有外漏，5439拆下,4,1
66,182820-3,Heat Exchanger,10660,X,完成,2016-05-17,OEM芯体,成都凯泽,1325,左侧,14-May-19,18025,34433,274,677,3679,7195,3679,7195,14346,27238,,,5,无,,0
132,182820-3,Heat Exchanger,10674,X,完成,2016-07-07,OEM芯体,成都凯泽,1786,右侧,9-Jan-19,18908,34598,932,1752,4613,8682,4613,8682,14295,25916,,,3,无,,0
123,182820-3,Heat Exchanger,10774,X,完成,2016-04-08,OEM芯体,海技,5709,左侧,7-Dec-18,18990,38172,1117,1887,4924,10149,4924,10149,14066,28023,,,3,无,,0
191,182820-3,Heat Exchanger,11347,X,完成,2016-03-31,OEM芯体,成都凯泽,5479,左侧,16-Jan-19,18761,35277,802,1591,4721,9576,3919,7984,14040,25701,17959,33685,4,2019年1月2日海技附件检查法兰盘与热管路连接处有裂纹,4,1
222,182820-3,Heat Exchanger,11426,X,完成,2016-03-31,OEM芯体,武汉航达,无装机,无,无,19747,39020,645,1245,4800,9444,4800,9444,14947,29576,,,3,无,,0
209,182820-3,Heat Exchanger,11562,X,完成,2016-04-22,OEM芯体,武汉航达,1213,右侧,25-Jul-19,18934,34511,54,107,5160,9066,5160,9066,13774,25445,,,5,无,,0
129,182820-3,Heat Exchanger,11604,X,完成,2016-05-25,OEM芯体,成都凯泽,5403,左侧,13-Dec-18,19877,35594,1064,2114,4986,8617,4986,8617,14891,26977,,,4,无,,0
362,182820-3,Heat Exchanger,11639,X,完成,2018-12-17,OEM芯体,海技,1793,左侧,21-Dec-18,18242,34433,789,1788,789,1769,789,1769,17453,32664,,,0,无,,0
97,182820-3,Heat Exchanger,11671,X,完成,2016-05-17,OEM芯体,成都凯泽,5465,左侧,5-May-19,19817,36964,377,748,3725,7156,3725,7156,16092,29808,,,3,无,,0
155,182820-3,Heat Exchanger,11744,X,完成,2016-05-20,OEM芯体,成都凯泽,5732,右侧,8-Feb-19,18733,36396,676,1354,5287,9134,5287,9134,13446,27262,,,4,无,,0
91,182820-3,Heat Exchanger,11774,X,完成,2016-06-17,OEM芯体,成都凯泽,206G,左侧,11-May-19,18232,36716,408,725,4408,8555,4408,8555,13824,28161,,,5,无,,0
23,182820-3,Heat Exchanger,11816,X,完成,2016-01-20,OEM芯体,成都凯泽,5463,左侧,5-Jan-19,18341,34351,868,1681,5119,9480,5119,9480,13222,24871,,,4,无,,0
234,182820-3,Heat Exchanger,11836,X,完成,2016-07-21,OEM芯体,海技,7105,右侧,25-Jul-19,17850,34584,65,124,3744,8156,3744,8156,14106,26428,,,4,无,,0
171,182820-3,Heat Exchanger,11991,X,完成,2016-04-22,OEM芯体,成都凯泽,1496,右侧,31-Jan-19,18399,34825,781,1578,4908,8999,4908,8999,13491,25826,,,4,无,,0
182,182820-3,Heat Exchanger,11992,X,完成,2016-03-23,OEM芯体,成都凯泽,1997,右侧,18-Dec-18,12234,22431,872,1866,4758,9682,4758,9682,7476,12749,,,4,无,,0
52,182820-3,Heat Exchanger,12217,X,完成,2016-02-18,OEM芯体,海技,7992,右侧,17-Jan-19,17878,33551,862,1814,4400,7681,4400,7681,13478,25870,,,5,无,,0
165,182820-3,Heat Exchanger,12371,X,完成,2016-07-06,OEM芯体,海技,1492,左侧,9-Jan-19,19319,35061,841,1659,4522,8589,4522,8589,14797,26472,,,3,无,,0
183,182820-3,Heat Exchanger,12611,X,完成,2016-02-23,OEM芯体,成都凯泽,5625,右侧,15-Nov-18,18710,35314,988,2279,4820,9547,4820,9547,13890,25767,,,2,无,,0
6,182820-3,Heat Exchanger,12620,X,完成,2016-01-13,OEM芯体,新乡平原,1350,左侧,17-Apr-19,18743,35086,535,929,5085,9141,5085,9141,13658,25945,,,,"2017-11-26
2526，4715","2,3",0
338,182820-3,Heat Exchanger,12732,X,完成,2018-08-16,OEM芯体,海技,205U,左侧,1-May-19,15478,28439,359,880,1111,2385,1111,2385,14367,26054,,,1,无,,0
25,182820-3,Heat Exchanger,12749,X,完成,2016-01-20,OEM芯体,成都凯泽,5522,右侧,11-Jul-19,15436,29734,119,226,5057,9527,5057,9527,10379,20207,,,5,无,,0
153,182820-3,Heat Exchanger,12750,X,完成,2016-05-20,OEM芯体,海技,1346,右侧,3-Apr-19,17632,33722,554,1050,4374,8473,4374,8473,13258,25249,,,4,无,,0
133,182820-3,Heat Exchanger,12844,X,完成,2016-03-03,OEM芯体,海技,1502,左侧,26-Feb-19,17363,34093,657,1315,4466,9023,4466,9023,12897,25070,,,5,无,,0
142,182820-3,Heat Exchanger,12897,X,完成,2016-05-24,OEM芯体,海技,1488,左侧,17-Jun-19,19981,35130,202,400,4748,9299,4546,8898,15233,25831,19779,34729,5,2019-6-11海技附件，检查散热器热管路和法兰盘处有裂纹，从5358拆下,5,1
190,182820-3,Heat Exchanger,12922,X,完成,2016-05-17,OEM芯体,成都凯泽,5481,左侧,9-Apr-19,19256,35693,457,889,4554,8566,4554,8566,14702,27127,,,4,无,,0
65,182820-3,Heat Exchanger,12923,X,完成,2016-05-21,OEM芯体,武汉航达,5713,右侧,16-May-19,18210,34858,311,667,4280,8258,4280,8258,13930,26600,,,5,无,,0
278,182820-3,Heat Exchanger,13070,X,完成,2017-09-12,OEM芯体,成都凯泽,1498,右侧,12-Mar-19,16597,31538,615,1283,2768,5284,2768,5284,13829,26254,,,2,无,,0
197,182820-3,Heat Exchanger,13083,X,完成,2016-05-10,OEM芯体,成都凯泽,5482,左侧,17-Feb-19,18714,33195,569,1370,4942,8136,4942,8136,13772,25059,,,5,无,,0
5,182820-3,Heat Exchanger,13228,X,完成,2016-01-22,OEM芯体,新乡平原,205U,右侧,14-Jun-19,17968,34975,207,524,5484,10638,5484,10638,12484,24337,,,3,无,,0
116,182820-3,Heat Exchanger,13437,X,完成,2016-05-28,OEM芯体,成都凯泽,5288,左侧,26-Mar-19,17620,33786,552,1070,4636,9399,4636,9399,12984,24387,,,3,无,,0
36,182820-3,Heat Exchanger,13604,X,完成,2016-01-19,OEM芯体,新乡平原,7105,左侧,3-Aug-19,17136,33188,27,46,5380,9736,5380,9736,11756,23452,,,5,无,,0
134,182820-3,Heat Exchanger,13644,X,完成,2016-05-06,OEM芯体,武汉航达,5429,右侧,18-Nov-18,20230,33710,970,1884,4487,8742,4487,8742,15743,24968,,,5,无,,0
7,182820-3,Heat Exchanger,13659,X,完成,2016-01-08,OEM芯体,成都凯泽,无装机,无,无,16826,33078,无,无,4000,7863,4000,7863,12826,25215,,,,,1,0
7,182820-3,Heat Exchanger,13659,X,完成,2016-01-08,OEM芯体,成都凯泽,无装机,无,无,16826,33078,无,无,4704,9309,4704,9309,12122,23769,,,,,1,0
57,182820-3,Heat Exchanger,13722,X,完成,2016-01-15,OEM芯体,海技,7378,左侧,17-Mar-19,17076,32416,589,1124,5216,9219,5216,9219,11860,23197,,,4,无,,0
58,182820-3,Heat Exchanger,13852,X,完成,2016-02-24,OEM芯体,海技,5686,右侧,23-Jan-19,17038,32631,785,1528,5014,9676,5014,9676,12024,22955,,,4,无,,0
127,182820-3,Heat Exchanger,13919,X,完成,2016-05-28,OEM芯体,成都凯泽,1130,左侧,6-Apr-19,16211,31239,660,1045,4340,8578,4340,8578,11871,22661,,,3,无,,0
180,182820-3,Heat Exchanger,13931,X,完成,2016-04-06,OEM芯体,成都凯泽,5466,右侧,22-Jan-19,17226,33027,780,1459,4748,9470,4748,9470,12478,23557,,,4,无,,0
193,182820-3,Heat Exchanger,13950,X,完成,2016-03-31,OEM芯体,武汉航达,5417,右侧,22-Jan-19,17242,32190,803,1601,5346,9379,5346,9379,11896,22811,,,4,无,,0
14,182820-3,Heat Exchanger,13966,X,完成,2016-01-26,OEM芯体,成都凯泽,5735,右侧,25-Jul-19,20093,32314,67,114,4540,8785,4372,8460,15553,23529,19925,31989,6,2019-6-28-鹰之航-检查外漏严重重新焊接渗漏处,6,1
122,182820-3,Heat Exchanger,14021,X,完成,2016-03-23,OEM芯体,成都凯泽,1483,右侧,21-Jul-19,17058,32086,100,167,5129,9910,5129,9910,11929,22176,,,4,无,,0
237,182820-3,Heat Exchanger,14050,X,完成,2016-11-16,OEM芯体,海技,2158,右侧,10-Feb-19,16972,31315,253,589,3889,6293,656,1372,13083,25022,13739,26394,3,2017-10-13-鹰之航，检查热路管路有裂缝-6061拆下,"1,2",1
237,182820-3,Heat Exchanger,14050,X,完成,2016-11-16,OEM芯体,海技,2158,右侧,10-Feb-19,16972,31315,253,589,3889,6293,2067,2575,13083,25022,15150,27597,3,2018-4-25日，-6063拆下海技附件检查法兰盘和热路管焊接处有裂纹,"1,2",1
297,182820-3,Heat Exchanger,14219,X,完成,2017-09-19,OEM芯体,成都凯泽,1928,左侧,22-Mar-19,18511,31070,583,1084,2655,5198,2072,4113,15856,25872,17928,29985,2,2019-3-14，鹰之航检查存在外漏,1,1
226,182820-3,Heat Exchanger,14268,X,完成,2016-05-15,OEM芯体,武汉航达,5540,右侧,27-Feb-19,17238,32082,670,1310,4828,9133,4828,9133,12410,22949,,,3,无,,0
230,182820-3,Heat Exchanger,14283,X,完成,2016-04-12,OEM芯体,新乡平原,5407,右侧,29-Oct-18,18612,31641,733,1449,4561,9261,4561,9261,14051,22380,,,3,无,,0
178,182820-3,Heat Exchanger,14327,X,完成,2016-04-19,OEM芯体,成都凯泽,1497,左侧,2-Mar-19,16099,31002,802,1329,4945,8898,4945,8898,11154,22104,,,3,无,,0
18,182820-3,Heat Exchanger,14335,X,完成,2016-01-15,OEM芯体,成都凯泽,7639,左侧,18-May-19,17259,30884,348,681,5092,9562,5092,9562,12167,21322,,,5,无,,0
94,182820-3,Heat Exchanger,14356,X,完成,2016-05-15,OEM芯体,武汉航达,5580,右侧,31-Dec-18,15401,30605,852,1693,4646,9504,4646,9504,10755,21101,,,4,无,,0
192,182820-3,Heat Exchanger,14371,X,完成,2016-03-31,OEM芯体,武汉航达,1488,右侧,17-Jun-19,17013,32281,205,408,5225,9582,5225,9582,11788,22699,,,4,无,,0
85,182820-3,Heat Exchanger,14384,X,完成,2016-03-04,OEM芯体,海技,1350,右侧,17-Apr-19,14173,26066,537,934,5002,9562,5002,9562,9171,16504,,,3,无,,0
19,182820-3,Heat Exchanger,14388,X,完成,2016-01-27,OEM芯体,成都凯泽,1545,右侧,4-Aug-19,14161,26452,19,37,4893,9660,4893,9660,9268,16792,,,6,无,,0
8,182820-3,Heat Exchanger,14496,X,完成,2016-01-08,OEM芯体,新乡平原,1373,左侧,29-Jul-19,15758,31150,44,89,4968,9573,4968,9573,10790,21577,,,,,,0
331,182820-3,Heat Exchanger,14544,X,完成,2018-07-31,OEM芯体,海技,无装机,无,无,11196,20417,无,无,961,1920,961,1920,10235,18497,,,2,无,,0
168,182820-3,Heat Exchanger,14545,X,完成,2016-04-19,OEM芯体,新乡平原,7171,右侧,31-Jul-19,15986,30518,34,62,5144,8679,5144,8679,10842,21839,,,4,无,,0
71,182820-3,Heat Exchanger,14564,X,完成,2016-05-20,OEM芯体,武汉航达,206H,左侧,2-May-19,15053,28888,404,779,4436,8597,4436,8597,10617,20291,,,3,无,,0
347,182820-3,Heat Exchanger,14579,X,完成,2018-11-19,OEM芯体,海技,5662,左侧,23-Nov-18,19584,34490,1011,2031,1011,2031,1011,2031,18573,32459,,,0,无,,0
184,182820-3,Heat Exchanger,14594,X,完成,2016-02-23,OEM芯体,成都凯泽,5712,右侧,10-Jan-19,16035,30966,826,1698,4970,9421,4970,9421,11065,21545,,,4,无,,0
45,182820-3,Heat Exchanger,14634,X,完成,2016-01-29,OEM芯体,海技,6060,左侧,15-Jun-19,15892,30917,220,428,5151,9651,5151,9651,10741,21266,,,4,无,,0
47,182820-3,Heat Exchanger,14635,X,完成,2016-02-02,OEM芯体,成都凯泽,5825,右侧,9-Mar-19,18207,30199,810,989,6227,9996,6227,9996,11980,20203,,,6,无,,0
175,182820-3,Heat Exchanger,14639,X,完成,2016-04-15,OEM芯体,成都凯泽,205T,右侧,15-Jun-19,16437,31087,180,490,4792,9514,4792,9514,11645,21573,,,4,无,,0
4,182820-3,Heat Exchanger,14658,X,完成,2016-01-08,OEM芯体,新乡平原,1729,左侧,3-Apr-19,14773,27480,519,1029,4896,9557,4896,9557,9877,17923,,,6,无,,0
181,182820-3,Heat Exchanger,14814,X,完成,2016-03-23,OEM芯体,成都凯泽,5135,左侧,28-Dec-18,16267,30362,883,1730,4918,9595,4918,9595,11349,20767,,,4,无,,0
30,182820-3,Heat Exchanger,14819,X,完成,2016-01-26,OEM芯体,新乡平原,1130,右侧,6-Apr-19,13107,24826,662,1049,5298,9257,5298,9257,7809,15569,,,5,无,,0
10,182820-3,Heat Exchanger,14934,X,完成,2016-01-05,OEM芯体,新乡平原,无装机,无,无,16188,30646,无,无,5125,10152,5125,10152,11063,20494,,,5,无,,0
164,182820-3,Heat Exchanger,14947,X,完成,2016-07-04,OEM芯体,成都凯泽,5408,左侧,8-May-19,15859,29386,353,696,4299,8012,3946,7316,11560,21374,15506,28690,4,2019-4-23-海技附件检查热管路与法兰盘焊接处有裂纹,4,1
307,182820-3,Heat Exchanger,14959,X,完成,2017-12-19,OEM芯体,海技,5408,左侧,8-May-19,11989,22864,352,694,2920,5982,2658,5288,9069,16882,11727,22170,1,2019-5-6-海口附件-检查发现热管路与法兰盘焊接处裂纹-1386,,1
176,182820-3,Heat Exchanger,15006,X,完成,2016-04-06,OEM芯体,成都凯泽,5371,左侧,20-Jan-19,12422,23728,783,1612,4901,9589,4901,9589,7521,14139,,,3,无,,0
343,182820-3,Heat Exchanger,15007,X,完成,2018-11-09,OEM芯体,海技,5483,左侧,25-Nov-18,11707,22577,963,1927,963,1927,963,1927,10744,20650,,,0,,,0
90,182820-3,Heat Exchanger,15172,X,完成,2016-06-08,OEM芯体,海技,1375,右侧,6-May-19,16136,30575,431,779,5248,8971,5248,8971,10888,21604,,,4,无,,0
98,182820-3,Heat Exchanger,15184,X,完成,2016-05-20,OEM芯体,武汉航达,5852,左侧,24-Dec-18,15243,29732,913,1780,4473,8626,4473,8626,10770,21106,,,4,无,,0
308,182820-3,Heat Exchanger,15256,X,完成,2017-11-29,OEM芯体,海技,1373,右侧,5-Jun-19,12436,21938,289,537,2563,4719,2563,4719,9873,17219,,,2,无,,0
99,182820-3,Heat Exchanger,15292,X,完成,2016-06-02,OEM芯体,海技,1571,左侧,1-May-19,15107,29609,472,1060,4361,8589,2965,5622,10746,21020,13711,26642,3,2018-7-10-鹰之航，检查芯体有裂纹，-2652拆下,2,1
59,182820-3,Heat Exchanger,15318,X,完成,2016-02-04,OEM芯体,海技,无装机,无,无,15342,24171,无,无,5977,10246,5977,10246,9365,13925,,,6,无,,0
32,182820-3,Heat Exchanger,15391,X,完成,2016-01-22,OEM芯体,海技,5417,左侧,22-Jan-19,15349,28951,804,1604,5133,9481,5133,9481,10216,19470,,,4,无,,0
337,182820-3,Heat Exchanger,15415,X,完成,2018-08-10,OEM芯体,海技,206G,左侧,11-May-19,8791,16774,408,725,1361,2796,1361,2796,7430,13978,,,1,无,,0
41,182820-3,Heat Exchanger,15445,X,完成,2016-02-04,OEM芯体,成都凯泽,6800,左侧,8-Dec-18,14592,28326,900,1990,4652,9026,3392,7035,9940,19300,13332,26335,2,2018-10-19-海技附件，检查法兰盘与热管路有裂纹,2,1
88,182820-3,Heat Exchanger,15446,X,完成,2016-06-21,OEM芯体,海技,5466,左侧,22-Jan-19,14528,27624,782,1463,4417,8703,4417,8703,10111,18921,,,4,无,,0
324,182820-3,Heat Exchanger,15614,X,完成,2018-08-08,OEM芯体,海技,7173,右侧,18-Jul-19,10740,17849,108,175,1507,2035,1507,2035,9233,15814,,,1,无,,0
323,182820-3,Heat Exchanger,15680,X,完成,2018-08-16,OEM芯体,海技,1483,左侧,22-May-19,9292,16121,485,708,1541,2592,1541,2592,7751,13529,,,1,无,,0
48,182820-3,Heat Exchanger,15683,X,完成,2016-02-01,OEM芯体,成都凯泽,7618,右侧,21-Jun-19,16474,27398,191,366,4708,8861,4708,8861,11766,18537,,,5,无,,0
166,182820-3,Heat Exchanger,16011,X,完成,2016-04-19,OEM芯体,新乡平原,5502,左侧,30-Mar-19,15316,29594,529,1071,4251,9546,4251,9546,11065,20048,,,3,无,,0
79,182820-3,Heat Exchanger,16021,X,完成,2016-04-29,OEM芯体,成都凯泽,无装机,无,无,14289,26763,无,无,4502,8646,4502,8646,9787,18117,,,4,无,,0
105,182820-3,Heat Exchanger,16083,X,完成,2016-03-23,OEM芯体,海技,1493,左侧,8-Jan-19,13897,27060,824,1667,4982,9882,4982,9882,8915,17178,,,4,无,,0
169,182820-3,Heat Exchanger,16184,X,完成,2016-04-13,OEM芯体,成都凯泽,205T,右侧,15-Jun-19,13535,36665,180,490,4563,10739,4563,10739,8972,25926,,,5,无,,0
232,182820-3,Heat Exchanger,16192,X,完成,2016-08-09,OEM芯体,海技,1483,左侧,22-May-19,12233,22624,485,708,4539,8147,2896,5463,7694,14477,10590,19940,3,2018-8-17-鹰之航，检查芯体有内漏，修补泄漏处-7616拆下,2,1
200,182820-3,Heat Exchanger,16397,X,完成,2016-03-23,OEM芯体,成都凯泽,1727,左侧,25-Apr-19,13070,25932,413,956,3893,8048,3893,8048,9177,17884,,,5,无,,0
87,182820-3,Heat Exchanger,16507,X,完成,2016-05-15,OEM芯体,武汉航达,5709,左侧,7-Dec-18,12420,23567,1125,1904,3428,6317,3428,6317,8992,17250,,,5,无,,0
244,182820-3,Heat Exchanger,16532,X,完成,2016-09-23,OEM芯体,海技,5663,左侧,26-May-19,11473,21844,342,663,3690,6985,3690,6985,7783,14859,,,5,无,,0
167,182820-3,Heat Exchanger,16558,X,完成,2016-04-19,OEM芯体,新乡平原,5611,右侧,28-Jan-19,14239,27115,835,1553,5342,9216,5342,9216,8897,17899,,,4,无,,0
38,182820-3,Heat Exchanger,16577,X,完成,2016-02-01,OEM芯体,成都凯泽,1563,右侧,4-Aug-19,13880,27086,27,35,4899,9381,3810,7296,8981,17705,12791,25001,5,2018-11-1-昆明易安飞检查热路焊缝有裂纹,4,1
240,182820-3,Heat Exchanger,16585,X,完成,2016-08-05,OEM芯体,海技,无装机,无,无,11792,22352,无,无,4202,7783,4202,7783,7590,14569,,,3,无,,0
280,182820-3,Heat Exchanger,16616,X,完成,2017-09-29,OEM芯体,海技,1798,右侧,11-Jan-19,12273,19632,890,1750,2921,5169,2921,5169,9352,14463,,,2,无,,0
16,182820-3,Heat Exchanger,16653,X,完成,2016-01-26,OEM芯体,成都凯泽,1735,左侧,12-Dec-18,13616,26705,1034,1859,4947,9464,4947,9464,8669,17241,,,3,无,,0
293,182820-3,Heat Exchanger,16708,X,完成,2017-08-15,OEM芯体,成都凯泽,1577,右侧,22-May-19,10653,18690,353,859,2316,4652,2316,4652,8337,14038,,,2,无,,0
113,182820-3,Heat Exchanger,16738,X,完成,2016-05-20,OEM芯体,成都凯泽,1568,右侧,1-Jun-19,13224,26702,241,604,4321,9318,4321,9318,8903,17384,,,5,无,,0
239,182820-3,Heat Exchanger,16847,X,完成,2016-11-18,OEM芯体,海技,无装机,无,无,13251,25334,无,无,3532,6834,2183,4412,9719,18500,11902,22912,4,2018-7-24-海技附件检查法兰盘与热管路有裂纹,2,1
80,182820-3,Heat Exchanger,16984,X,完成,2016-04-12,OEM芯体,成都凯泽,6015,右侧,4-May-19,13351,25955,393,787,4666,9294,3453,6860,8685,16661,12138,23521,4,2018-7-24-海技附件送修-散热器漏气严重,3,1
160,182820-3,Heat Exchanger,17987,X,完成,2016-06-27,OEM芯体,成都凯泽,5406,左侧,5-Dec-18,12473,23659,931,1838,4195,8100,4195,8100,8278,15559,,,4,无,,0
24,182820-3,Heat Exchanger,18016,X,完成,2016-01-20,OEM芯体,成都凯泽,1795,右侧,7-Feb-17,12267,24338,972,1500,5263,10584,5263,10584,7004,13754,,,6,无,,0
206,182820-3,Heat Exchanger,18238,X,完成,2016-04-22,OEM芯体,武汉航达,1785,左侧,6-Aug-19,11536,21530,22,46,4796,9014,4796,9014,6740,12516,,,5,无,,0
170,182820-3,Heat Exchanger,18297,X,完成,2016-04-22,OEM芯体,成都凯泽,1208,右侧,1-May-19,12584,23024,432,917,5009,9026,5009,9026,7575,13998,,,5,无,,0
202,182820-3,Heat Exchanger,18362,X,完成,2016-03-31,OEM芯体,成都凯泽,5813,左侧,3-Jul-19,12305,23600,276,303,5126,9775,5126,9775,7179,13825,,,5,无,,0
9,182820-3,Heat Exchanger,18427,X,完成,2016-01-08,OEM芯体,成都凯泽,5416,左侧,29-Nov-18,15605,23596,941,1855,5269,9733,5269,9733,10336,13863,,,4,无,,0
124,182820-3,Heat Exchanger,18434,X,完成,2016-04-15,OEM芯体,成都凯泽,1215,右侧,30-Nov-18,12433,22412,1091,2012,4581,8876,2492,4899,7852,13536,10344,18435,4,2018-1-29-海技附件-检查法兰盘和热管路有裂纹-1929,3,1
3,182820-3,Heat Exchanger,18450,X,完成,2016-01-08,OEM芯体,海技,7378,右侧,15-Mar-19,15105,23387,599,1144,4774,9525,506,1069,10331,13862,10837,14931,4,2016-5-23-5338拆下，西安海声-泄漏，换芯,1,1
135,182820-3,Heat Exchanger,18551,X,完成,2016-07-04,OEM芯体,成都凯泽,1208,左侧,1-May-19,12766,22875,432,917,4976,9115,4976,9115,7790,13760,,,4,无,,0
115,182820-3,Heat Exchanger,18554,X,完成,2016-05-20,OEM芯体,成都凯泽,5687,左侧,10-Feb-19,11972,22807,799,1475,4619,8639,4619,8639,7353,14168,,,4,无,,0
172,182820-3,Heat Exchanger,18558,X,完成,2016-04-15,OEM芯体,海技,5137,右侧,27-Jan-19,11512,21640,713,1426,5049,8681,5049,8681,6463,12959,,,5,无,,0
137,182820-3,Heat Exchanger,18770,X,完成,2016-04-26,OEM芯体,海技,1215,左侧,30-Nov-18,11806,22543,1091,2032,4717,9014,4717,9014,7089,13529,,,4,无,,0
154,182820-3,Heat Exchanger,18785,X,完成,2016-07-07,OEM芯体,成都凯泽,无装机,无,无,11519,21898,无,无,4461,7975,4461,7975,7058,13923,,,4,无,,0
84,182820-3,Heat Exchanger,18925,X,完成,2016-06-29,OEM芯体,海技,5430,右侧,15-Jun-19,11221,22219,265,506,3833,7984,2677,5712,7388,14235,10065,19947,6,2018-8-12-北京科荣达-热气通道破裂-5835拆下,5,1
243,182820-3,Heat Exchanger,18926,X,完成,2016-08-17,OEM芯体,海技,5538,右侧,23-Apr-19,11517,21251,378,778,3302,6193,2686,5037,8215,15058,10901,20095,4,2019-1-23 航达EO换芯,4,1
378,182820-3,Heat Exchanger,18926,X,完成,2/21/2019,OEM芯体,武汉航达,5538,右侧,23-Apr-19,11498,21214,359,740,359,740,359,740,11139,20474,,,0,,,0
140,182820-3,Heat Exchanger,18933,X,完成,2016-06-17,OEM芯体,海技,1929,左侧,27-May-19,11353,22940,301,668,4306,8945,4306,8945,7047,13995,,,4,无,,0
246,182820-3,Heat Exchanger,19110,X,完成,2016-11-29,OEM芯体,海技,5338,右侧,11-Jun-19,11732,22599,272,483,3728,7338,3728,7338,8004,15261,,,3,无,,0
291,182820-3,Heat Exchanger,19144,X,完成,2017-06-12,OEM芯体,成都凯泽,5625,左侧,15-Nov-18,10517,17942,997,2300,10517,17942,10517,17942,7330,11887,,,2,无,,0
268,182820-3,Heat Exchanger,19210,X,完成,2017-05-08,OEM芯体,成都凯泽,5135,L,28-Dec-18,9632,17517,876,1713,3505,5939,3505,5939,6127,11578,,,3,无,,0
283,182820-3,Heat Exchanger,19384,X,完成,2017-07-10,OEM芯体,成都凯泽,5823,L,2-Jul-19,10876,17197,194,243,2983,5370,2983,5370,7893,11827,,,3,无,,0
179,182820-3,Heat Exchanger,19481,X,完成,2016-04-26,OEM芯体,武汉航达,5623,L,24-Jun-19,11131,21782,161,373,4471,8738,4471,8738,6660,13044,,,5,无,,0
102,182820-3,Heat Exchanger,19525,X,完成,2016-04-26,OEM芯体,武汉航达,1502,L,26-Feb-19,10868,20771,653,1309,4208,7727,4208,7727,6660,13044,,,4,无,,0
282,182820-3,Heat Exchanger,19553,X,完成,2017-08-01,OEM芯体,成都凯泽,5521,R,16-Dec-18,9648,18767,930,1771,2771,5488,1841,3716,6877,13279,8718,16995,2,B5638  2018-12-09拆下清洗，发现焊缝有裂纹致外漏，修理厂家：西安鹰之航,,1
266,182820-3,Heat Exchanger,19571,X,完成,2017-04-10,OEM芯体,海技,2885,222,11-Mar-18,9591,19312,910,1650,1890,3720,1890,3720,7701,15592,,,1,无,,0
109,182820-3,Heat Exchanger,19609,X,完成,2016-07-15,OEM芯体,海技,5735,R,9-Nov-18,12573,21164,980,1930,4039,8064,4039,8064,8534,13100,,,4,无,,0
379,182820-3,Heat Exchanger,19615,X,完成,2/21/2019,OEM芯体,武汉航达,1102,左侧,28-Feb-19,9810,15678,669,1301,669,1301,669,1301,9141,14377,,,0,,,0
247,182820-3,Heat Exchanger,19744,X,完成,2016-08-03,OEM芯体,海技,5735,L,25-Jul-19,10638,20688,61,101,3885,7568,3885,7568,6753,13120,,,5,无,,0
89,182820-3,Heat Exchanger,19795,X,完成,2016-04-26,OEM芯体,武汉航达,5709,R,7-Dec-18,10877,21100,1117,1887,4620,8800,4620,8800,6257,12300,,,4,无,,0
231,182820-3,Heat Exchanger,19924,X,完成,2016-05-19,OEM芯体,海技,2112,221,2-Sep-17,9886,17808,1166,2190,3036,5493,3036,5493,6850,12315,,,3,无,,0
285,182820-3,Heat Exchanger,19926,X,完成,2017-07-17,OEM芯体,成都凯泽,5180,L,5-Jan-19,10336,18201,1127,1946,3191,5938,1084,2123,7145,12263,8229,14386,2,B5467  2018-04-06拆下清洗，发现芯体有裂纹致外漏，修理厂家：西安鹰之航,,1
158,182820-3,Heat Exchanger,19939,X,完成,2016-04-29,OEM芯体,成都凯泽,7400,R,15-Nov-18,10610,20447,1049,1986,4451,8543,4451,8543,6159,11904,,,4,无,,0
380,182820-3,Heat Exchanger,19981,X,完成,3/7/2019,OEM芯体,武汉航达,5372,右侧,20-Mar-19,7664,13382,576,1053,576,1053,576,1053,7088,12329,,,0,,,0
255,182820-3,Heat Exchanger,19985,X,完成,2017-01-22,OEM芯体,海技, ,L,15-Nov-18,10897,21059,985,2273,3646,7218,3646,7218,7251,13841,,,3,无,,0
75,182820-3,Heat Exchanger,19986,X,完成,2016-04-26,OEM芯体,成都凯泽,5403,R,13-Dec-18,10078,19427,1061,2106,4608,8889,4608,8889,5470,10538,,,5,无,,0
233,182820-3,Heat Exchanger,20166,X,完成,2016-10-12,OEM芯体,海技,5503,L,18-Jan-19,10713,20420,913,1504,4198,7902,4198,7902,6515,12518,,,3,无,,0
260,182820-3,Heat Exchanger,20185,X,完成,2017-03-02,OEM芯体,海技,1588,R,19-Oct-18,10025,17323,888,1785,3124,6055,1206,2191,6901,11268,8107,13459,2,B5713 2017-12-04拆下清洗，芯体损坏，导致内漏，修理厂家：西安鹰之航,,1
260,182820-3,Heat Exchanger,20185,X,完成,2017-03-02,OEM芯体,海技,1588,R,19-Oct-18,10025,17323,888,1785,3124,6055,2236,4269,6901,11268,9137,15537,2,B7175 2018-09-12拆下清洗，焊缝有裂纹，导致外漏，修理厂家：西安鹰之航,,1
315,182820-3,Heat Exchanger,20240,X,完成,2018-07-24,OEM芯体,海技,1351,R,20-Apr-19,8772,17017,551,848,1557,2807,1557,2807,7215,14210,,,1,无,,0
242,182820-3,Heat Exchanger,20282,X,完成,2016-09-27,OEM芯体,海技,5685,L,27-Mar-18,9202,17917,1920,3889,3915,7800,1066,2028,5287,10117,6353,12145,2,B5661  2017-06-24拆下清洗，发现芯体腐蚀，修理厂家：附件，焊接外委成都凯泽,,1
288,182820-3,Heat Exchanger,20282,X,完成,2017-07-12,OEM芯体,成都凯泽,5685,L,27-Mar-18,9202,17917,1920,3889,2849,5772,2849,5772,6353,12145,,,1,无,,0
199,182820-3,Heat Exchanger,20289,X,完成,2016-03-15,OEM芯体,海技,5478,R,23-Feb-19,10024,19200,578,1111,4715,9094,4715,9094,5309,10106,,,6,无,,0
292,182820-3,Heat Exchanger,20330,X,完成,2017-08-10,OEM芯体,成都凯泽,5429,L,18-Nov-18,9968,19050,966,1878,2742,5364,2742,5364,7226,13686,,,2,无,,0
252,182820-3,Heat Exchanger,20354,X,完成,2017-04-19,OEM芯体,海技,7991,L,30-Jul-19,9347,18039,23,48,3236,6114,3236,6114,6111,11925,,,3,无,,0
259,182820-3,Heat Exchanger,20366,X,完成,2017-03-08,OEM芯体,海技,206F,R,1-May-19,12102,20135,363,823,3300,6257,3300,6257,8802,13878,,,3,无,,0
201,182820-3,Heat Exchanger,20368,X,完成,2016-03-18,OEM芯体,海技,5611,L,28-Jan-19,10170,19476,826,1535,4942,9184,1943,3666,5228,10292,7171,13958,4,B5405  2017-06-27拆下清洗，发现芯体腐蚀，修理厂家：附件，焊接外委成都凯泽,,1
276,182820-3,Heat Exchanger,20368,X,完成,2017-07-12,OEM芯体,成都凯泽,5611,L,28-Jan-19,10170,19476,826,1535,2999,5518,2999,5518,7171,13958,,,2,无,,0
263,182820-3,Heat Exchanger,20440,X,完成,2017-03-17,OEM芯体,海技,5466,R,22-Jan-19,9644,19008,771,1442,2990,5820,2219,4377,6654,13188,8873,17565,3,B1487 2018-12-03拆下清洗，武汉航达检测发现芯体与热边封头间有裂纹，裂纹超标，转交海技附件换芯  修理厂家：附件,,1
361,182820-3,Heat Exchanger,20440,X,完成,2019-01-21,OEM芯体,海技,5466,R,22-Jan-19,9644,19008,771,1442,771,1443,771,1443,8873,17565,,,0,,,0
141,182820-3,Heat Exchanger,20456,X,完成,2016-06-20,OEM芯体,成都凯泽,5249,L,16-Jul-19,10965,19608,75,97,5372,8827,5372,8827,5593,10781,,,5,无,,0
289,182820-3,Heat Exchanger,20469,X,完成,2017-06-21,OEM芯体,成都凯泽,1726,L,19-Jul-19,10385,20166,73,153,3293,6061,3293,6061,7092,14105,,,3,无,,0
261,182820-3,Heat Exchanger,20502,X,完成,2017-03-08,OEM芯体,海技,1783,L,23-Jul-19,9680,18896,68,112,3104,5720,3104,5720,6576,13176,,,3,无,,0
264,182820-3,Heat Exchanger,20573,X,完成,2017-01-22,OEM芯体,海技,1786,L,9-Jan-19,10606,19989,932,1752,3871,6933,3871,6933,6735,13056,,,4,无,,0
342,182820-3,Heat Exchanger,20687,X,完成,2018-09-21,OEM芯体,海技,1588,L,19-Oct-18,6764,13688,888,1785,888,1786,888,1786,5876,11902,,,0,,,0
245,182820-3,Heat Exchanger,20925,X,完成,2016-09-23,OEM芯体,海技,5638,L,9-Dec-18,9316,17989,939,1852,4029,7872,1066,2028,5287,10117,6353,12145,3,B5661  2017-06-24拆下清洗，发现芯体腐蚀，修理厂家：附件，焊接外委成都凯泽,,1
286,182820-3,Heat Exchanger,20925,X,完成,2017-07-12,OEM芯体,成都凯泽,5638,L,9-Dec-18,9316,17989,939,1852,2963,5844,2963,5844,6353,12145,,,2,无,,0
287,182820-3,Heat Exchanger,20971,X,完成,2017-07-10,OEM芯体,成都凯泽,1391,R,12-Dec-18,9596,18089,1177,2059,3179,5810,3179,5810,6417,12279,,,2,无,,0
235,182820-3,Heat Exchanger,21009,X,完成,2016-10-26,OEM芯体,海技,1793,L,21-Dec-18,9288,18602,786,1781,3732,7702,2092,4140,5556,10900,7648,15040,3,B5479  2018-04-27拆下清洗，发现芯体有裂纹致外泄露，修理厂家：西安鹰之航,,1
253,182820-3,Heat Exchanger,21050,X,完成,2017-05-08,OEM芯体,成都凯泽,1728,R,5-Mar-19,8997,17782,718,1254,3035,6336,3035,6336,5962,11446,,,2,无,,0
295,182820-3,Heat Exchanger,21109,X,完成,2017-08-15,OEM芯体,成都凯泽,6800,R,8-Dec-18,9632,17398,893,1974,3025,5499,3025,5499,6607,11899,,,2,无,,0
256,182820-3,Heat Exchanger,21143,X,完成,2017-05-19,OEM芯体,成都凯泽,1545,L,7-Nov-18,9870,18832,1063,2082,3443,6327,3443,6327,6427,12505,,,2,无,,0
316,182820-3,Heat Exchanger,21223,X,完成,2018-04-28,OEM芯体,海技,1538,L,24-Jan-19,9276,17151,821,1613,1812,3340,1812,3340,7464,13811,,,1,无,,0
236,182820-3,Heat Exchanger,21235,X,完成,2016-11-18,OEM芯体,海技,5685,R,27-Mar-18,9294,18431,1920,3889,3636,7244,3636,7244,5658,11187,,,3,无,,0
274,182820-3,Heat Exchanger,21378,X,完成,2017-09-19,OEM芯体,成都凯泽,7639,L,18-May-19,10086,17659,341,663,2623,4897,2623,4897,7463,12762,,,3,无,,0
270,182820-3,Heat Exchanger,21542,X,完成,2017-08-15,OEM芯体,成都凯泽,5623,R,24-Jun-19,9581,18335,161,373,2589,4985,2589,4985,6992,13350,,,3,无,,0
306,182820-3,Heat Exchanger,21593,X,完成,2017-12-26,OEM芯体,海技,1785,R,6-Aug-19,9397,17726,2,3,2013,4303,2013,4303,7384,13423,,,2,无,,0
275,182820-3,Heat Exchanger,21654,X,完成,2017-06-21,OEM芯体,成都凯泽,5855,L,8-Dec-18,11817,19351,1085,1967,3536,6347,3536,6347,8281,13004,,,2,无,,0
269,182820-3,Heat Exchanger,21666,X,完成,2017-09-19,OEM芯体,成都凯泽,7619,L,29-Apr-19,11976,18249,423,859,2587,4848,2587,4848,9389,13401,,,2,无,,0
251,182820-3,Heat Exchanger,21736,X,完成,2017-04-13,OEM芯体,海技,5427,L,20-Dec-18,8197,15942,1,2,2086,4017,2086,4017,6111,11925,,,3,无,,0
273,182820-3,Heat Exchanger,21756,X,完成,2017-06-12,OEM芯体,成都凯泽,1501,L,3-Dec-18,10594,18108,840,1720,2941,5751,2941,5751,7653,12357,,,2,无,,0
321,182820-3,Heat Exchanger,22035,X,完成,2018-07-18,OEM芯体,海技,1571,L,1-May-19,8241,16579,460,1039,1466,2999,1006,1959,6775,13580,7781,15539,1,B1346，2019-04-03拆下，拆下清洗，焊缝有裂纹导致外漏，西安鹰之航,,1
320,182820-3,Heat Exchanger,22123,X,完成,2018-06-21,OEM芯体,海技,7619,R,29-Apr-19,8424,16278,423,859,1409,2833,1409,2833,7015,13445,,,1,无,,0
317,182820-3,Heat Exchanger,22126,X,完成,2018-04-24,OEM芯体,海技,1503,R,21-Feb-19,8154,16224,671,1274,1710,3241,1710,3241,6444,12983,,,1,无,,0
257,182820-3,Heat Exchanger,22147,X,完成,2017-05-08,OEM芯体,成都凯泽,6015,L,17-Nov-18,9287,17539,1022,2086,3629,6196,3629,6196,5658,11343,,,2,无,,0
290,182820-3,Heat Exchanger,22161,X,完成,2017-05-26,OEM芯体,成都凯泽,5135,R,28-Dec-18,10225,18313,876,1713,3167,6049,3167,6049,7058,12264,,,3,无,,0
309,182820-3,Heat Exchanger,22279,X,完成,2018-07-06,OEM芯体,海技,5709,R,7-Dec-18,8728,16922,1117,1887,1571,2769,1571,2769,7157,14153,,,1,无,,0
326,182820-3,Heat Exchanger,22283,X,完成,2018-11-15,OEM芯体,海技,5662,R,23-Nov-18,8402,16812,1008,2026,1008,2027,1008,2027,7394,14785,,,0,,,0
258,182820-3,Heat Exchanger,22290,X,完成,2017-03-15,OEM芯体,海技,6060,右侧,15-Jun-19,10002,17757,219,426,3032,6258,2816,5812,2813,5832,5629,11644,2,2019-6-13海口附件检查发现热管路与法兰盘焊接处裂纹-5358,,1
310,182820-3,Heat Exchanger,22314,X,完成,2018-06-15,OEM芯体,海技,1541,L,4-Aug-19,8829,16648,10,20,1552,2417,1552,2417,7277,14231,,,2,无,,0
300,182820-3,Heat Exchanger,22469,X,完成,2017-11-07,OEM芯体,海技,2119,222,28-Nov-17,7266,13658,1167,1698,1167,1698,1167,1698,6099,11960,,,0,,,0
218,182820-3,Heat Exchanger,22649,X,完成,2016-03-28,OEM芯体,成都凯泽,5813,R,3-Jul-19,8928,15846,240,266,5494,8943,4482,7421,3434,6903,7916,14324,4,"B1480,2018-11-26拆下清洗，发现芯体腐蚀，维修单位附件",,1
368,182820-3,Heat Exchanger,22649,X,完成,2018-12-29,OEM芯体,海技,5813,R,3-Jul-19,8928,15846,240,266,1012,1522,1012,1522,7916,14324,,,1,无,,0
313,182820-3,Heat Exchanger,22665,X,完成,2018-07-13,OEM芯体,海技,1351,R,20-Apr-19,7976,16071,551,848,1557,2807,1557,2807,6419,13264,,,1,无,,0
302,182820-3,Heat Exchanger,22734,X,完成,2018-02-11,OEM芯体,海技,5521,L,16-Dec-18,7819,15199,930,1771,2047,3911,1117,2140,5772,11288,6889,13428,1,"B7171,2018-11-15拆下清洗，发现芯体腐蚀，维修单位附件",,1
355,182820-3,Heat Exchanger,22734,X,完成,2018-12-06,OEM芯体,海技,5521,L,16-Dec-18,7819,15199,930,1771,930,1771,930,1771,6889,13428,,,0,,,0
371,182820-3,Heat Exchanger,22808,X,完成,12/22/2018,OEM芯体,武汉航达,1929,左侧,27-May-19,7749,15074,279,618,987,1913,987,1913,6762,13161,,,1,无,,0
336,182820-3,Heat Exchanger,22885,X,完成,2018-11-08,OEM芯体,海技,5428,L,19-Nov-18,8322,16285,1001,1974,1001,1975,1001,1975,7321,14310,,,0,,,0
311,182820-3,Heat Exchanger,22909,X,完成,2018-03-09,OEM芯体,海技,1489,R,14-Dec-18,7818,15734,925,1777,2004,3870,1079,2093,5814,11864,6893,13957,1,B5406 2018-12-07拆下清洗，发现焊缝有裂纹致热交换器两端热管路存在外漏，西安鹰之航,,1
327,182820-3,Heat Exchanger,22921,X,完成,2018-09-12,OEM芯体,海技,1541,R,4-Aug-19,7222,14985,10,20,968,1980,968,1980,6254,13005,,,2,无,,0
328,182820-3,Heat Exchanger,22951,X,完成,2018-09-21,OEM芯体,海技,1586,R,2-Aug-19,8108,14727,19,43,1280,1847,1280,1847,6828,12880,,,1,无,,0
330,182820-3,Heat Exchanger,23015,X,完成,2018-10-31,OEM芯体,海技,1545,L,7-Nov-18,7574,14646,1063,2082,1063,2083,1063,2083,6511,12563,,,0,无,,0
11,182820-3,Heat Exchanger,23023,X,完成,2016-01-20,OEM芯体,海技,1565,L,22-Apr-19,7996,14740,597,778,4966,8984,4966,8984,3030,5756,,,5,无,,0
350,182820-3,Heat Exchanger,23143,X,完成,2019-02-18,OEM芯体,海技,1586,L,4-Mar-19,8098,16041,659,1336,659,1336,659,1336,7439,14705,,,0,无,,0
13,182820-3,Heat Exchanger,23166,X,完成,2016-01-15,OEM芯体,成都凯泽,5825,R,9-Mar-19,8086,14844,800,974,5055,9086,5055,9086,3031,5758,,,5,无,,0
377,182820-3,Heat Exchanger,23166,X,完成,2/16/2019,OEM芯体,武汉航达,5825,右侧,9-Mar-19,8084,14842,798,972,798,972,798,972,7286,13870,,,0,,,0
322,182820-3,Heat Exchanger,23235,X,完成,2018-08-29,OEM芯体,海技,1726,L,19-Jul-19,7846,15586,73,153,1116,2249,1116,2249,6730,13337,,,1,无,,0
374,182820-3,Heat Exchanger,23253,X,完成,1/28/2019,OEM芯体,武汉航达,6066,右侧,10-Mar-19,8598,14662,748,1246,748,1246,748,1246,7850,13416,,,0,,,0
335,182820-3,Heat Exchanger,23254,X,完成,2018-09-07,OEM芯体,海技,1545,L,4-Aug-19,9483,15313,12,22,1119,2181,1119,2181,8364,13132,,,1,无,,0
329,182820-3,Heat Exchanger,23265,X,完成,2018-08-03,OEM芯体,海技,206G,R,11-May-19,10285,15251,405,719,1358,2790,1358,2790,8927,12461,,,1,无,,0
351,182820-3,Heat Exchanger,23292,X,完成,2019-03-08,OEM芯体,海技,2652,L,25-Mar-19,7219,13941,46,81,46,82,46,82,7173,13859,,,0,,,0
346,182820-3,Heat Exchanger,23299,X,完成,2018-11-30,OEM芯体,海技,5636,L,14-Dec-18,8122,14346,874,1985,874,1985,874,1985,7248,12361,,,0,,,0
332,182820-3,Heat Exchanger,23456,X,完成,2018-09-18,OEM芯体,海技,5805,L,21-Jul-19,9381,14744,106,130,1505,1991,1505,1991,7876,12753,,,1,无,,0
366,182820-3,Heat Exchanger,23519,X,完成,2019-01-21,OEM芯体,海技,1538,L,24-Jan-19,8361,14818,821,1613,821,1614,821,1614,7540,13204,,,0,,,0
370,182820-3,Heat Exchanger,23520,X,完成,2018-12-29,OEM芯体,海技,1996,L,30-Dec-18,8017,14554,913,1949,913,1950,913,1950,7104,12604,,,0,,,0
314,182820-3,Heat Exchanger,23862,X,完成,2018-07-26,OEM芯体,海技,2159,L,16-May-19,6895,14108,193,596,1183,2770,1183,2770,5712,11338,,,1,无,,0
312,182820-3,Heat Exchanger,23964,X,完成,2018-07-06,OEM芯体,海技,1785,L,10-Dec-18,7255,14273,941,1843,1395,2726,1395,2726,5860,11547,,,1,无,,0
365,182820-3,Heat Exchanger,23970,X,完成,2018-12-25,OEM芯体,海技,1586,R,27-Dec-18,7206,14155,876,1783,876,1783,876,1783,6330,12372,,,0,,,0
359,182820-3,Heat Exchanger,24011,X,完成,2019-01-24,OEM芯体,海技,5520,R,26-Jan-19,7242,13858,794,1538,794,1539,794,1539,6448,12319,,,0,,,0
334,182820-3,Heat Exchanger,24032,X,完成,2018-11-15,OEM芯体,海技,5662,L,23-Nov-18,6882,13579,1008,2026,1008,2027,1008,2027,5874,11552,,,0,,,0
363,182820-3,Heat Exchanger,24072,X,完成,2018-12-29,OEM芯体,海技,5137,L,22-Jul-19,7845,14351,68,119,742,1520,742,1520,7103,12831,,,1,无,,0
375,182820-3,Heat Exchanger,24227,X,完成,1/30/2019,OEM芯体,武汉航达,1586,左侧,4-Mar-19,6966,13502,657,1331,657,1331,657,1331,6309,12171,,,0,,,0
325,182820-3,Heat Exchanger,24260,X,完成,2018-11-23,OEM芯体,海技,7167,L,3-Aug-19,7021,13591,15,29,1015,2142,1015,2142,6006,11449,,,1,无,,0
373,182820-3,Heat Exchanger,24315,X,完成,1/28/2019,OEM芯体,武汉航达,5418,右侧,2-Feb-19,7102,13723,750,1481,750,1481,750,1481,6352,12242,,,0,,,0
349,182820-3,Heat Exchanger,24346,X,完成,2019-02-02,OEM芯体,海技,5687,L,10-Feb-19,7337,13506,710,1437,710,1437,710,1437,6627,12069,,,0,,,0
345,182820-3,Heat Exchanger,24361,X,完成,2018-11-30,OEM芯体,海技,1391,L,12-Dec-18,7337,14614,1177,2059,1177,2060,1177,2060,6160,12554,,,0,,,0
333,182820-3,Heat Exchanger,24428,X,完成,2018-09-29,OEM芯体,海技,5853,L,5-Aug-19,7184,13555,6,10,1077,2074,1077,2074,6107,11481,,,1,无,,0
357,182820-3,Heat Exchanger,24505,X,完成,2018-12-17,OEM芯体,海技,5480,R,19-Dec-18,6549,12966,844,1648,844,1648,844,1648,5705,11318,,,0,,,0
364,182820-3,Heat Exchanger,24636,X,完成,2018-12-21,OEM芯体,海技,5375,L,26-Dec-18,6994,13892,868,1708,868,1708,868,1708,6126,12184,,,0,,,0
367,182820-3,Heat Exchanger,24688,X,完成,2019-01-15,OEM芯体,海技,5466,L,22-Jan-19,6779,13025,771,1442,771,1442,771,1442,6008,11583,,,0,,,0
340,182820-3,Heat Exchanger,24760,X,完成,2018-11-02,OEM芯体,海技,7171,R,14-Nov-18,6889,13582,1087,2017,1087,2018,1087,2018,5802,11564,,,0,,,0
21,182820-3,Heat Exchanger,24856,X,完成,2016-01-19,OEM芯体,新乡平原,1799,R,8-May-19,6191,11934,328,628,4787,9114,4787,9114,1404,2820,,,5,无,,0
369,182820-3,Heat Exchanger,24878,X,完成,2019-01-21,OEM芯体,海技,1538,R,24-Jan-19,7131,14153,821,1613,821,1614,821,1614,6310,12539,,,0,,,0
376,182820-3,Heat Exchanger,24915,X,完成,1/31/2019,OEM芯体,武汉航达,1496,右侧,31-Jan-19,6665,13742,777,1565,777,1565,777,1565,5888,12177,,,0,,,0
20,182820-3,Heat Exchanger,24922,X,完成,2016-01-26,OEM芯体,新乡平原,1795,L,7-Feb-19,6643,12684,963,1487,5239,9864,5239,9864,1404,2820,,,5,无,,0
238,182820-3,Heat Exchanger,25032,X,完成,2016-11-29,OEM芯体,海技,1570,R,19-May-18,6299,11816,1439,2992,3772,6800,3772,6800,2527,5016,6299,11816,3,"B1570,2019-5-29拆下清洗，发现热管路与法兰盘焊接处有裂纹，维修单位附件",,1
360,182820-3,Heat Exchanger,25112,X,完成,2019-01-30,OEM芯体,海技,2158,R,10-Feb-19,6830,11651,253,589,253,590,253,590,6577,11061,,,0,,,0
118,182820-3,Heat Exchanger,25905,X,完成,2016-06-06,OEM芯体,海技,5520,R,26-Jan-19,5783,11245,794,1538,4685,8948,4685,8948,1098,2297,,,4,无,,0
352,182820-3,Heat Exchanger,26666,X,完成,2019-01-14,OEM芯体,海技,5503,L,18-Jan-19,4276,8796,913,1504,913,1504,913,1504,3363,7292,,,0,,,0
348,182820-3,Heat Exchanger,27082,X,完成,2018-11-30,OEM芯体,海技,1391,L,12-Dec-18,8490,14460,1177,2059,1177,2060,1177,2060,7313,12400,,,0,,,0
187,182820-2,Heat Exchanger,10-10169,X,完成,2016-04-06,OEM芯体,武汉航达,1103,L,16-Dec-18,21354,38161,1082,1901,5248,9197,5248,9197,16106,28964,,,5,无,,0
64,182820-2,Heat Exchanger,101-11435,X,完成,2016-04-22,OEM芯体,海技,206G,R,11-May-19,40291,68350,405,719,4550,8705,4550,8705,35741,59645,,,6,无,,0
78,182820-2,Heat Exchanger,101-11450,X,完成,2016-04-29,OEM芯体,海技,1786,L,9-Jan-19,23930,44240,932,1752,4426,8105,4426,8105,19504,36135,,,4,无,,0
195,182820-3,Heat Exchanger,103-348,X,完成,2016-04-26,OEM芯体,成都凯泽,7173,R,1-Nov-18,41939,68209,1010,1947,4830,9034,4830,9034,37109,59175,,,4,无,,0
241,182820-3,Heat Exchanger,103-352,X,完成,2016-12-21,OEM芯体,海技,1797,R,31-Mar-19,34303,61639,698,977,3129,6247,3129,6247,31174,55392,,,3,无,,0
15,182820-3,Heat Exchanger,103-436,X,完成,2016-01-26,OEM芯体,海技,1489,L,14-Dec-18,40654,69547,925,1777,5037,9374,5037,9374,35617,60173,,,5,无,,0
277,182820-3,Heat Exchanger,103-445,X,完成,2017-06-21,OEM芯体,海技,5855,R,8-Dec-18,45685,74551,1085,1967,3536,6347,3536,6347,42149,68204,,,2,无,,0
82,182820-3,Heat Exchanger,106-2664,X,完成,2016-02-26,OEM芯体,海技,7989,L,27-Mar-19,41788,72275,559,1186,5738,10043,5738,10043,36050,62232,,,4,无,,0
159,182820-3,Heat Exchanger,107-2612,X,完成,2016-06-13,OEM芯体,成都凯泽,7989,R,27-Mar-19,40015,77544,559,1186,4603,8479,4603,8479,35412,69065,,,5,无,,0
86,182820-3,Heat Exchanger,107-2650,X,完成,2016-04-13,OEM芯体,成都凯泽,5825,L,9-Mar-19,11947,22550,800,974,4619,7799,3819,6825,7328,14751,11147,21576,5,"B1795,2019-2-10拆下清洗，发现热管路与法兰盘焊接处有裂纹,维修单位：附件",,1
112,182820-3,Heat Exchanger,108-3526,X,完成,2016-03-23,OEM芯体,成都凯泽,7886,L,21-Oct-18,29961,56834,1025,2082,5062,9446,5062,9446,24899,47388,,,5,无,,0
198,182820-3,Heat Exchanger,108-3667,X,完成,2016-05-11,OEM芯体,成都凯泽,5439,R,10-Dec-18,33031,52178,954,1919,4550,9042,4550,9042,28481,43136,,,4,无,,0
51,182820-3,Heat Exchanger,108-3678,X,完成,2016-02-23,OEM芯体,成都凯泽,1496,L,31-Jan-19,34158,65178,779,1567,5080,9415,5080,9415,29078,55763,,,5,无,,0
147,182820-3,Heat Exchanger,108-3736,X,完成,2016-03-04,OEM芯体,新乡平原,5139,R,4-Jul-19,30425,47704,126,227,3992,8374,3027,6187,26433,39330,29460,45517,5,B5853，2018-11-13拆下清洗，发现芯体损坏有内泄漏  维修单位：西安鹰之航,,1
177,182820-3,Heat Exchanger,109-10020,X,完成,2016-03-31,OEM芯体,成都凯泽,7989,R,27-Mar-19,31785,55103,559,1186,4979,10210,4420,9024,26806,44893,31226,53917,5,B7167，2019-2-26拆下清洗，热路焊缝漏气有裂纹 维修单位：昆明易安飞,,1
250,182820-3,Heat Exchanger,109-4847,X,完成,2017-05-08,OEM芯体,成都凯泽,5797,R,24-Jun-19,49103,86537,177,347,3469,6263,3469,6263,45634,80274,,,4,无,,0
56,182820-3,Heat Exchanger,109-4940,X,完成,2016-01-08,OEM芯体,成都凯泽,1208,L,1-May-19,34564,54464,412,873,5794,10028,5794,10028,28770,44436,,,5,无,,0
17,182820-3,Heat Exchanger,109-4941,X,完成,2016-01-08,OEM芯体,成都凯泽,1569,L,16-May-19,50749,79501,301,738,5523,10630,5523,10630,45226,68871,,,3,无,,0
220,182820-3,Heat Exchanger,109-5017,X,完成,2016-03-31,OEM芯体,成都凯泽,1733,L,28-Mar-19,29991,44480,579,1175,5295,9992,4716,8817,24696,34488,29412,43305,5,"B7991,2019-2-25拆下清洗，发现热管路与法兰盘焊接处有裂纹，维修单位：附件",,1
76,182820-3,Heat Exchanger,109-5027,X,完成,2016-04-22,OEM芯体,成都凯泽,5713,L,16-May-19,28671,57211,306,658,4823,9428,4823,9428,23848,47783,,,5,无,,0
73,182820-2,Heat Exchanger,12-11648,X,完成,2016-05-21,OEM芯体,武汉航达,5540,R,27-Feb-19,25242,46067,662,1295,4769,9218,738,1414,20473,36849,21211,38263,4,B5580 2016-11-14拆下清洗，发现法兰盘有裂纹，维修单位：附件,,1
73,182820-2,Heat Exchanger,12-11648,X,完成,2016-05-21,OEM芯体,武汉航达,5540,R,27-Feb-19,25242,46067,662,1295,4769,9218,3021,5745,20473,36849,23494,42594,4,"B1538,2018-5-15拆下清洗，发现法兰盘与热管路焊接处有裂纹，维修单位：附件",,1
49,182820-3,Heat Exchanger,12-11649R,X,完成,2016-02-02,OEM芯体,成都凯泽,5852,L,24-Dec-18,40692,70745,901,1760,3162,6023,3162,6023,37530,64722,,,2,无,,0
121,182820-3,Heat Exchanger,12-11650,X,完成,2016-05-11,OEM芯体,成都凯泽,5115,R,19-Feb-19,48075,72715,901,1609,4935,9095,4935,9095,43140,63620,,,4,无,,0
33,182820-2,Heat Exchanger,12-11704,X,完成,2016-02-02,OEM芯体,海技,2963,221,1-Apr-18,27699,49700,940,1323,1746,2859,1746,2859,25953,46841,,,1,无,,0
203,182820-2,Heat Exchanger,128-3242,X,完成,2016-03-31,OEM芯体,海技,5735,R,25-Jul-19,29025,50921,61,101,4904,9459,4904,9459,24121,41462,,,5,无,,0
225,182820-2,Heat Exchanger,13-12284,X,完成,2016-05-11,OEM芯体,海技,5141,L,13-Jul-19,47577,87545,97,189,4479,8403,4479,8403,43098,79142,,,5,无,,0
221,182820-3,Heat Exchanger,16-1398,X,完成,2016-04-06,OEM芯体,武汉航达,5090,R,19-Jun-19,34578,61810,198,388,3250,6225,3250,6225,31328,55585,,,4,无,,0
214,182820-3,Heat Exchanger,17-1850,X,完成,2016-04-22,OEM芯体,海技,6016,L,25-Jun-19,33378,59066,196,386,4837,9225,4837,9225,28541,49841,,,5,无,,0
271,182820-3,Heat Exchanger,18-2699,X,完成,2017-07-17,OEM芯体,成都凯泽,5180,R,5-Jan-19,30464,57250,1127,1946,3191,5937,3191,5937,27273,51313,,,2,无,,0
12,182820-3,Heat Exchanger,18-2760,X,完成,2016-01-22,OEM芯体,新乡平原,5636,R,14-Dec-18,30058,58279,874,1985,4796,10208,4796,10208,25262,48071,,,5,无,,0
126,182820-3,Heat Exchanger,18-2865,X,完成,2016-05-24,OEM芯体,成都凯泽,1350,L,17-Apr-19,34906,59659,528,918,4763,8838,4763,8838,30143,50821,,,5,无,,0
2,182820-3,Heat Exchanger,19-3799,X,完成,2016-01-13,OEM芯体,海技,1548,L,30-Nov-18,30951,47104,939,1881,5149,10330,5149,10330,25802,36774,,,4,无,,0
303,182820-3,Heat Exchanger,19-3917,X,完成,2017-12-14,OEM芯体,海技,1568,R,1-Jun-19,31600,50052,234,582,3096,7021,3096,7021,28504,43031,,,2,无,,0
223,182820-3,Heat Exchanger,19-3972,X,完成,2016-05-10,OEM芯体,武汉航达,5136,R,21-May-19,33586,50600,202,404,4112,7701,4112,7701,29474,42899,,,6,无,,0
46,182820-3,Heat Exchanger,19-4068,X,完成,2016-02-04,OEM芯体,海技,5463,R,5-Jan-19,34390,57445,864,1670,5319,9154,5319,9154,29071,48291,,,5,无,,0
284,182820-2,Heat Exchanger,19-9196,X,完成,2017-07-20,OEM芯体,海技,1490,R,25-Jan-19,17224,30669,795,1553,2982,5432,2982,5432,14242,25237,,,2,无,,0
27,182820-2,Heat Exchanger,19-9280,X,完成,2016-01-29,OEM芯体,海技,5538,R,31-Jan-19,17177,32578,669,1450,4617,9284,4617,9284,12560,23294,,,6,无,,0
62,182820-3,Heat Exchanger,19-9282,X,完成,2016-05-20,OEM芯体,武汉航达,5825,L,9-Mar-19,43971,70696,800,974,4900,8333,4100,7358,39071,62363,43171,69721,4,"B1559,2019-2-1拆下清洗，发现热管路与法兰盘焊接处有裂纹，维修单位：附件",,1
152,182820-2,Heat Exchanger,19-9308,X,完成,2016-05-24,OEM芯体,海技,5538,L,31-Jan-19,44522,67994,669,1450,4578,9019,4578,9019,39944,58975,,,4,无,,0
299,182820-2,Heat Exchanger,20-4005,X,完成,2018-02-05,OEM芯体,海技,5375,R,26-Dec-18,14834,28027,868,1708,1867,3777,1867,3777,12967,24250,,,1,无,,0
77,182820-3,Heat Exchanger,29-1148R,X,完成,2016-04-26,OEM芯体,成都凯泽,7988,R,31-Dec-18,20338,36062,925,1958,5364,9195,5364,9195,14974,26867,,,3,无,,0
189,182820-3,Heat Exchanger,33-125,X,完成,2016-03-18,OEM芯体,海技,6062,L,2-Jun-19,43057,73644,239,488,4811,9647,4811,9647,38246,63997,,,4,无,,0
205,182820-3,Heat Exchanger,33-161,X,完成,2016-03-31,OEM芯体,成都凯泽,5407,R,29-Oct-18,37427,66638,733,1449,4952,9261,4952,9261,32475,57377,,,4,无,,0
92,182820-3,Heat Exchanger,33-164,X,完成,2016-04-19,OEM芯体,成都凯泽,5732,L,6-May-19,43473,73463,328,667,4239,8964,4239,8964,39234,64499,,,3,无,,0
281,182820-3,Heat Exchanger,37-7773R,X,完成,2017-09-29,OEM芯体,海技,1798,R,11-Jan-19,29876,51842,880,1728,2911,5147,2911,5147,26965,46695,,,2,无,,0
211,182820-3,Heat Exchanger,41-11242,X,完成,2016-03-04,OEM芯体,成都凯泽,7172,L,20-Jul-19,19098,34718,78,162,5257,9245,5257,9245,13841,25473,,,5,无,,0
29,182820-3,Heat Exchanger,44-636,X,完成,2016-01-15,OEM芯体,成都凯泽,5521,R,16-Dec-18,35447,72496,930,1771,4882,9528,4882,9528,30565,62968,,,4,无,,0
196,182820-3,Heat Exchanger,44-682,X,完成,2016-04-26,OEM芯体,成都凯泽,5292,L,15-Dec-18,24802,45789,1277,1610,5089,9076,5089,9076,19713,36713,,,5,无,,0
294,182820-3,Heat Exchanger,47-2129,X,完成,2017-08-31,OEM芯体,成都凯泽,5685,R,27-Mar-18,11449,21440,1920,3889,2608,5288,2608,5288,8841,16152,,,1,无,,0
207,182820-3,Heat Exchanger,47-2155,X,完成,2016-04-19,OEM芯体,新乡平原,1538,R,24-Jan-19,32919,61898,821,1613,4218,8629,4218,8629,28701,53269,,,3,无,,0
125,182820-3,Heat Exchanger,47-2183,X,完成,2016-05-10,OEM芯体,成都凯泽,1489,L,14-Dec-18,35615,63236,925,1777,5002,9273,5002,9273,30613,53963,,,4,无,,0
319,182820-3,Heat Exchanger,47-2185,X,完成,2018-07-04,OEM芯体,海技,5798,L,26-Apr-19,35808,63842,361,805,1370,2613,1370,2613,34438,61229,,,1,都无,,0
265,182820-3,Heat Exchanger,48-3042,X,完成,2017-03-29,OEM芯体,海技,6063,L,5-Apr-19,43899,73694,467,921,3357,6377,3357,6377,40542,67317,,,3,无,,0
188,182820-3,Heat Exchanger,48-3067,X,完成,2016-04-12,OEM芯体,成都凯泽,1569,L,16-May-19,36202,62819,301,738,4708,10122,4708,10122,31494,52697,,,3,无,,0
150,182820-3,Heat Exchanger,48-8536,X,完成,2016-04-07,OEM芯体,成都凯泽,5798,R,26-Apr-19,37651,66355,361,805,4728,8977,4728,8977,32923,57378,,,5,无,,0
354,182820-3,Heat Exchanger,49-4073,X,完成,2019-01-24,OEM芯体,海技,5520,L,26-Jan-19,29796,56734,794,1538,794,1538,794,1538,29002,55196,,,0,,,0
119,182820-3,Heat Exchanger,49-4184,X,完成,2016-03-18,OEM芯体,海技,7167,L,3-Aug-19,12316,22598,15,29,4724,9406,4724,9406,7592,13192,,,5,无,,0
217,182820-3,Heat Exchanger,49-4248,X,完成,2016-03-10,OEM芯体,海技,5137,L,22-Jul-19,12881,22792,68,119,5208,9787,5208,9787,7673,13005,,,4,无,,0
50,182820-3,Heat Exchanger,49-4297,X,完成,2016-01-27,OEM芯体,海技,5478,R,23-Feb-19,36190,60519,578,1111,4628,9246,4628,9246,31562,51273,,,4,无,,0
339,182820-3,Heat Exchanger,49-4299,X,完成,2018-09-29,OEM芯体,海技,7173,L,1-Nov-18,35273,60411,1010,1947,1010,1948,1010,1948,34263,58463,,,0,,,0
95,182820-2,Heat Exchanger,49-9492,X,完成,2016-05-21,OEM芯体,武汉航达,1215,L,30-Nov-18,21078,39425,1073,1973,4516,8755,4516,8755,16562,30670,,,4,无,,0
216,182820-2,Heat Exchanger,61-4762,X,完成,2016-03-11,OEM芯体,海技,6015,L,1-Aug-19,71504,110932,21,41,5119,8587,5119,8587,66385,102345,,,4,无,,0
208,182820-2,Heat Exchanger,68-8679,X,完成,2016-04-22,OEM芯体,武汉航达,1503,L,9-May-19,21270,39547,360,671,4166,8296,4166,8296,17104,31251,,,5,无,,0
301,182820-3,Heat Exchanger,70-10580R,X,完成,2017-12-21,OEM芯体,海技,1322,L,13-Jun-19,41205,66674,184,480,3144,6452,3144,6452,38061,60222,,,2,无,,0
111,182820-3,Heat Exchanger,70-10644R,X,完成,2016-03-28,OEM芯体,成都凯泽,7105,L,3-Aug-19,45372,77228,20,32,5031,9018,5031,9018,40341,68210,,,5,无,,0
107,182820-3,Heat Exchanger,73-297,X,完成,2016-05-10,OEM芯体,成都凯泽,1725,L,20-Jul-19,45237,49376,70,161,4687,-20871,4687,-20871,40550,70247,,,5,无,,0
54,182820-3,Heat Exchanger,75-1212,X,完成,2016-02-04,OEM芯体,海技,1130,R,6-Apr-19,41065,66603,654,1028,4819,9623,4819,9623,36246,56980,,,5,无,,0
145,182820-3,Heat Exchanger,75-1241,X,完成,2016-02-25,OEM芯体,成都凯泽,1571,R,1-May-19,36750,63859,460,1039,4764,9239,4764,9239,31986,54620,,,4,无,,0
103,182820-3,Heat Exchanger,75-1246,X,完成,2016-05-15,OEM芯体,武汉航达,2652,L,25-Mar-19,19021,34861,46,81,4204,7905,4204,7905,14817,26956,,,4,无,,0
70,182820-3,Heat Exchanger,75-1247,X,完成,2016-05-21,OEM芯体,武汉航达,2651,L,8-Aug-19,39922,67478,711,1325,3838,7188,3838,7188,36084,60290,,,3,无,,0
215,182820-3,Heat Exchanger,77-2328,X,完成,2016-04-22,OEM芯体,武汉航达,2115,221,27-Sep-17,32505,58554,566,1064,2534,4942,2534,4942,29971,53612,,,2,无,,0
117,182820-3,Heat Exchanger,78-3311,X,完成,2016-05-26,OEM芯体,海技,5805,R,21-Jul-19,31145,55379,104,129,4960,9623,4960,9623,26185,45756,,,5,无,,0
249,182820-3,Heat Exchanger,78-3319,X,完成,2017-02-10,OEM芯体,海技,2945,222,7-Dec-17,7880,12708,448,861,1595,2879,1595,2879,6285,9829,,,1,无,,0
131,182820-3,Heat Exchanger,78-3344,X,完成,2016-07-08,OEM芯体,海技,7886,R,21-Oct-18,18899,33967,1025,2082,4429,8312,4429,8312,14470,25655,,,5,无,,0
22,182820-3,Heat Exchanger,78-3353,X,完成,2016-01-20,OEM芯体,成都凯泽,5813,L,3-Jul-19,33221,62710,239,265,5050,9591,3040,5792,28171,53119,31211,58911,5,"B5138,2018-3-8拆下清洗，发现法兰盘有裂纹，维修单位：附件",,1
353,182820-3,Heat Exchanger,79-4522,X,完成,2019-02-02,OEM芯体,海技,5482,R,17-Feb-19,48864,77639,563,1354,563,1354,194,468,48301,76285,48495,76753,0,2018-4-10-7395拆洗下，检查损坏严重-更换芯体,,1
296,182820-3,Heat Exchanger,79-4534,X,完成,2017-09-12,OEM芯体,成都凯泽,7105,R,30-Nov-18,12367,26095,1073,1917,2162,4039,2162,4039,10205,22056,,,3,无,,0
267,182820-3,Heat Exchanger,79-4548,X,完成,2017-04-24,OEM芯体,海技,1929,R,27-May-19,10195,23315,282,625,2530,5659,1210,3018,7665,17656,8875,20674,3,B2158 2018-5-20拆下清洗，发现芯体腐蚀，更换芯体，维修单位：附件,,1
318,182820-3,Heat Exchanger,79-4548,X,完成,2018-06-29,OEM芯体,海技,1929,R,27-May-19,10195,23315,282,625,1320,2641,1320,2641,8875,20674,,,1,无,,0
148,182820-3,Heat Exchanger,79-4732,X,完成,2016-02-25,OEM芯体,成都凯泽,1490,R,25-Jan-19,43617,79450,794,1550,4772,9367,3978,7816,38845,70083,42823,77899,5,B6808，2019-1-13拆下清洗，发现热交换器管子上有小孔引起外漏，维修单位：西安鹰之航,,1
60,182820-3,Heat Exchanger,79-9909R,X,完成,2016-05-20,OEM芯体,武汉航达,5810,L,4-Jan-19,24395,44462,1164,1548,5465,8979,5465,8979,18930,35483,,,4,无,,0
139,182820-2,Heat Exchanger,88-8784,X,完成,2016-06-27,OEM芯体,海技,5481,L,9-Apr-19,20510,37179,450,877,4511,8159,0,0,15999,29020,15999,29020,5,"B5539,边角有裂纹故送厂家维修，2016-07-08接收，发现法兰盘变形，对法兰盘裂纹处进行焊接处理，维修单位：附件(换芯后未装机，就送修)",,1
304,182820-2,Heat Exchanger,90-10711,X,完成,2018-03-07,OEM芯体,海技,5082,L,12-Jul-19,16802,30342,99,187,1947,3861,1947,3861,14855,26481,,,2,无,,0
356,182820-3,Heat Exchanger,90-4424R,X,完成,2018-12-19,OEM芯体,海技,5852,R,24-Dec-18,6825,13167,899,1757,899,1757,899,1757,5926,11410,,,0,,,0
1,182820-3,Heat Exchanger,24646-P,X,完成,6/28/2019,PMA芯体,西安鹰之航,7886,右侧,13-Jul-19,6911,12758,92,204,92,204,92,204,6819,12554,,,0,,,0
2,182820-3,Heat Exchanger,24602-P,X,完成,7/10/2019,PMA芯体,西安鹰之航,7886,左侧,13-Jul-19,6761,13920,92,204,92,204,92,204,6669,13716,,,0,,,0
3,182820-3,Heat Exchanger,5271-P,X,完成,7/16/2019,PMA芯体,西安鹰之航,1373,右侧,29-Jul-19,27319,47373,36,76,36,76,36,76,27283,47297,,,0,,,0
5,182820-4,Heat Exchanger,02537-P,X,完成,5/27/2019,PMA芯体,海技,5449,右侧,6-Jul-19,14314,27426,138,279,138,280,138,280,14176,27146,,,1,无,,0
6,182820-3,Heat Exchanger,16-2871-P,X,完成,5/31/2019,PMA芯体,海技,1322,左侧,13-Jun-19,31749,53839,187,488,187,488,187,488,31562,53351,,,0,,,0
7,182820-3,Heat Exchanger,107-2546-P,X,完成,5/16/2019,PMA芯体,海技,无装机,无,无,45223,77089,无,无,244,443,244,443,44979,76646,,,0,,,0
8,182820-3,Heat Exchanger,19351-P,X,完成,6/20/2019,PMA芯体,海技,5292,右侧,18-Jul-19,13695,21328,132,172,132,172,132,172,13563,21156,,,0,,,0
9,182820-3,Heat Exchanger,22900-P,X,完成,5/21/2019,PMA芯体,海技,6016,右侧,25-Jun-19,7969,15802,200,394,200,394,19,37,7769,15408,7788,15445,1,5月21完成换芯，27日发料，28日退回，2019/5/29鹰之航检查边缘有裂纹虚焊,,1
10,182820-3,Heat Exchanger,22839-P,X,完成,7/19/2019,PMA芯体,海技,1549,右侧,21-Jul-19,7632,14896,67,144,67,145,67,145,7565,14751,,,0,,,0
11,182820-3,Heat Exchanger,23250-P,X,完成,6/24/2019,PMA芯体,海技,5141,右侧,13-Jul-19,8566,14965,97,189,97,189,97,189,8469,14776,,,0,,,0
12,182820-3,Heat Exchanger,24130-P,X,完成,5/29/2019,PMA芯体,海技,6062,右侧,2-Jun-19,6584,13248,242,496,242,496,242,496,6342,12752,,,0,,,0
13,182820-3,Heat Exchanger,24331-P,X,完成,6/6/2019,PMA芯体,海技,5338,右侧,11-Jun-19,7306,13537,260,461,260,461,260,461,7046,13076,,,0,,,0
14,182820-3,Heat Exchanger,24406-P,X,完成,5/22/2019,PMA芯体,海技,1505,左侧,26-May-19,6705,12849,308,593,308,594,308,594,6397,12255,,,0,,,0
15,182820-3,Heat Exchanger,24530-P,X,完成,7/11/2019,PMA芯体,海技,1783,右侧,23-Jul-19,6119,12101,70,114,70,115,70,115,6049,11986,6119,12101,0,"2019-7-10,海口附件裂纹，芯体腐蚀，换芯-5338",,1
16,182820-3,Heat Exchanger,24725-P,X,完成,4/29/2019,PMA芯体,海技,5089,右侧,30-Apr-19,6197,12568,127,248,127,249,127,249,6070,12319,,,0,,,0
17,182820-3,Heat Exchanger,24873-P,X,完成,4/29/2019,PMA芯体,海技,5089,左侧,30-Apr-19,6358,12876,127,248,127,249,127,249,6231,12627,,,0,,,0
18,182820-3,Heat Exchanger,25007-P,X,完成,4/30/2019,PMA芯体,海技,1503,左侧,9-May-19,6813,13199,364,677,364,678,364,678,6449,12521,,,0,,,0
19,182820-3,Heat Exchanger,26049-P,X,完成,4/29/2019,PMA芯体,海技,5089,左侧,30-Apr-19,6021,12044,127,248,127,248,127,248,5894,11796,,,0,,,0
20,182820-3,Heat Exchanger,25167-P,X,完成,7/1/2019,PMA芯体,海技,无装机,无,无,6630,12674,无,无,61,115,61,115,6569,12559,,,1,无,,0
1,182820-3,Heat Exchanger,10005,X,完成,2015-12-15,OEM芯体,新乡,7992,L,17-Jan-19,21619,40814,875,1842,4651,9142,3763,7281,16968,31672,20731,38953,7,"B7639,2018-09-06拆下清洗发现热管路与法兰盘焊接处有裂纹，维修单位：附件",,1
2,182820-2,Heat Exchanger,10-10156,X,完成,2015-11-20,OEM芯体,新乡,2908,222,8-Nov-18,48640,77068,2,2,4115,8095,4115,8095,44525,68973,,,6,无,,0
1,182820-3,Heat Exchanger,10120,X,完成,2015-12-23,OEM芯体,凯泽,1548,R,30-Nov-18,22539,42318,955,1907,4232,8511,2369,4736,18307,33807,20676,38543,5,"B2647,2017-10-31因航前检查发现左空调次级散热器存在漏气拆下，发现热管路与法兰盘焊接处有裂纹，维修单位：附件",,1
5,182820-3,Heat Exchanger,10176,X,完成,2015-04-29,PMA芯体,河南新乡换芯,5735,L,25-Jul-19,20082,39119,76,136,6238,12053,6238,12053,13844,27066,,,7,无,,0
7,182820-3,Heat Exchanger,10276,X,完成,2015-12-15,OEM芯体,凯泽,5580,L,31-Dec-18,23036,41458,869,1726,5156,10558,3334,6594,17880,30900,21214,37494,5,"B5480,2018-4-5拆下清洗，发现焊缝有裂纹，维修单位：西安鹰之航",,1
8,182820-3,Heat Exchanger,106-1601,X,完成,2015-12-23,OEM芯体,凯泽,5623,L,24-Jun-19,38704,65061,183,422,3506,7024,3506,7024,35198,58037,,,4,无,,0
9,182820-3,Heat Exchanger,107-2629,X,完成,2015-11-04,OEM芯体,海技,2501,221,1-May-18,42141,82094,404,1041,3584,7500,3584,7500,38557,74594,,,3,无,,0
10,182820-3,Heat Exchanger,10775,X,完成,2015-12-30,OEM芯体,凯泽,5853,L,10-Nov-18,20816,41925,946,2139,5124,10003,5124,10003,15692,31922,,,5,无,,0
11,182820-3,Heat Exchanger,108-3669,X,完成,2015-12-08,OEM芯体,新乡,7105,L,29-Nov-18,36005,60215,1120,2009,5514,10084,5514,10084,30491,50131,,,4,无,,0
12,182820-3,Heat Exchanger,11356,X,完成,2015-11-27,OEM芯体,海技,1992,R,24-Dec-18,16449,30217,1104,2227,5361,10343,5361,10343,11088,19874,,,5,无,,0
13,182820-3,Heat Exchanger,12284,X,完成,2015-12-30,OEM芯体,凯泽,1799,L,8-May-19,18277,35410,354,672,5232,9969,4878,9296,13045,25441,17923,34737,5,"B5372,2019-03-22拆下清洗发现管路与法兰盘焊接处有裂纹，维修单位：附件",,1
14,182820-3,Heat Exchanger,12796,X,完成,2015-11-20,OEM芯体,海技,5661,L,5-Aug-19,20098,35981,29,57,5882,11337,5882,11337,14216,24644,,,6,无,,0
15,182820-3,Heat Exchanger,12825,X,完成,2015-12-15,OEM芯体,新乡,5358,L,4-Jun-19,13509,22520,188,374,6276,10269,6276,10269,7233,12251,,,5,无,,0
16,182820-3,Heat Exchanger,12847,X,完成,2015-12-11,OEM芯体,海技,6066,R,10-Mar-19,17394,33573,764,1287,5598,9833,5598,9833,11796,23740,,,5,无,,0
17,182820-3,Heat Exchanger,12955,X,完成,2015-11-17,OEM芯体,海技,6061,L,11-Mar-19,18411,36068,602,1146,5385,10579,5385,10579,13026,25489,,,6,无,,0
18,182820-3,Heat Exchanger,13685,X,完成,2015-04-29,PMA芯体,河南新乡换芯,1545,L,4-Aug-19,16658,31698,30,59,6184,11643,6184,11643,10474,20055,,,6,无,,0
19,182820-3,Heat Exchanger,13737,X,完成,2015-11-20,OEM芯体,海技,1785,R,7-Dec-18,15875,28797,941,1843,4863,10004,4863,10004,11012,18793,,,4,无,,0
21,182820-3,Heat Exchanger,13965,X,完成,2015-12-29,OEM芯体,新乡,1565,R,22-Apr-19,17760,32817,627,817,5462,9944,606,1276,12298,22873,12904,24149,5,"B5478,2016-06-15拆下清洗，发现法兰有裂纹，维修单位：西安鹰之航",,1
21,182820-3,Heat Exchanger,13965,X,完成,2015-12-29,OEM芯体,新乡,1565,R,22-Apr-19,17760,32817,627,817,5462,9944,1755,3527,12298,22873,14053,26400,5,"B1729,2017-03-07拆下清洗，发现芯体损坏，维修单位：西安鹰之航",,1
22,182820-3,Heat Exchanger,13980,X,完成,2015-12-10,OEM芯体,凯泽,5479,L,16-Jan-19,18033,32161,814,1617,6027,10642,4249,7294,12006,21519,16255,28813,3,"B1906,2018-04-05拆下清洗发现热管路与法兰盘焊接处有裂纹，维修单位：附件
",,1
22,182820-3,Heat Exchanger,13980,X,完成,2015-12-10,OEM芯体,凯泽,5479,L,16-Jan-19,18033,32161,814,1617,6027,10642,5213,9025,12006,21519,17219,30544,3,"B5521,2018-12-24拆下清洗发现热管路与法兰盘焊接处有裂纹，维修单位：附件",,1
23,182820-3,Heat Exchanger,14439,X,完成,2015-12-23,OEM芯体,凯泽,5713,R,16-May-19,16197,30491,327,700,5171,10407,3891,7636,11026,20084,14917,27720,4,"B1928,2018-07-05因漏气拆下，发现热管路与法兰盘焊接处有裂纹，维修单位：附件",,1
25,182820-3,Heat Exchanger,14463,X,完成,2015-12-25,OEM芯体,海技,5427,R,20-Dec-18,15428,30107,1,2,4403,8901,4403,8901,11025,21206,,,5,无,,0
26,182820-3,Heat Exchanger,14489,X,完成,2015-12-18,OEM芯体,海技,5408,R,23-Nov-18,15896,31025,1001,1965,5284,10067,5284,10067,10612,20958,,,4,无,,0
27,182820-3,Heat Exchanger,14599,X,完成,2015-12-23,OEM芯体,海技,5623,R,24-Jun-19,14016,27521,183,422,3619,7155,3619,7155,10397,20366,,,4,无,,0
30,182820-3,Heat Exchanger,15227,X,完成,2015-12-25,OEM芯体,海技,5139,L,4-Jul-19,12440,25306,149,265,5193,10807,5193,10807,7247,14499,,,6,无,,0
31,182820-3,Heat Exchanger,15613,X,完成,2015-12-10,OEM芯体,海技,5611,L,28-Jan-19,15107,27672,848,1577,5793,10585,5793,10585,9314,17087,,,5,无,,0
32,182820-3,Heat Exchanger,15678,X,完成,2015-12-10,OEM芯体,凯泽,206H,R,2-May-19,15085,27638,419,805,5680,10234,3269,5538,9405,17404,12674,22942,4,"B2652,2017-10-15拆下清洗，发现热路管口有裂纹，维修单位：西安鹰之航",,1
32,182820-3,Heat Exchanger,15678,X,完成,2015-12-10,OEM芯体,凯泽,206H,R,2-May-19,15085,27638,419,805,5680,10234,4278,7639,9405,17404,13683,25043,4,"B6063,2018-7-20拆下清洗，发现焊缝有裂纹致热路进出口管口纯在外漏，维修单位：西安鹰之航",,1
33,182820-3,Heat Exchanger,15739,X,完成,2015-12-25,OEM芯体,凯泽,1505,R,26-May-19,14165,28525,321,628,4526,9805,3072,6686,9639,18720,12711,25406,5,"B5439,2018-04-08拆下清洗，发现热管路与法兰盘焊接处有裂纹，维修单位：附件",,1
33,182820-3,Heat Exchanger,15739,X,完成,2015-12-25,OEM芯体,凯泽,1505,R,26-May-19,14165,28525,321,628,4526,9805,3316,7232,9639,18720,12955,25952,5,"B1571,2018-07-11因本体开裂，漏气严重拆下，发现热管路与芯体焊接处严重开裂，维修单位：附件",,1
34,182820-3,Heat Exchanger,15752,X,完成,2015-12-02,OEM芯体,海技,5712,L,10-Jan-19,12992,24217,841,1732,5342,9519,5342,9519,7650,14698,,,5,无,,0
35,182820-3,Heat Exchanger,15964,X,完成,2015-11-25,OEM芯体,海技,5082,R,12-Jul-19,13791,27920,116,220,5186,10307,5186,10307,8605,17613,,,4,无,,0
36,182820-3,Heat Exchanger,16-1401,X,完成,2015-11-24,OEM芯体,新乡,206H,R,2-May-19,38561,66094,419,805,4721,9551,2252,4882,33840,56543,36092,61425,4,"B5521,2017-10-4拆下清洗，发现泄漏超标，维修单位：西安海声",,1
36,182820-3,Heat Exchanger,16-1401,X,完成,2015-11-24,OEM芯体,新乡,206H,R,2-May-19,38561,66094,419,805,4721,9551,4302,8746,33840,56543,38142,65289,4,"B5502,2019-04-01拆下清洗，发现热管路与法兰盘焊接处有裂纹，维修单位：附件",,1
37,182820-3,Heat Exchanger,16415,X,完成,2015-11-18,OEM芯体,新乡,1498,R,12-Mar-19,14784,27565,626,1315,5991,10417,5991,10417,8793,17148,,,6,无,,0
38,182820-3,Heat Exchanger,16448,X,完成,2015-12-15,OEM芯体,海技,6060,R,15-Jun-19,15389,28304,228,443,6336,10771,6336,10771,9053,17533,,,6,无,,0
39,182820-3,Heat Exchanger,16608,X,完成,2015-12-10,OEM芯体,新乡,5465,L,5-May-19,14866,27711,388,766,5656,10634,5656,10634,9210,17077,,,4,无,,0
40,182820-3,Heat Exchanger,16784,X,完成,2015-12-22,OEM芯体,新乡,6995,R,19-Jun-19,13156,25508,209,538,4902,10191,4902,10191,8254,15317,,,5,无,,0
44,182820-3,Heat Exchanger,16838,X,完成,2015-12-02,OEM芯体,新乡,5765,R,27-Aug-18,11101,21553,1,1,3036,6138,3036,6138,8065,15415,,,4,无,,0
45,182820-3,Heat Exchanger,16879,X,完成,2015-12-31,OEM芯体,海技,5502,R,30-Mar-19,14452,25486,544,1094,6207,9682,6207,9682,8245,15804,,,5,无,,0
46,182820-3,Heat Exchanger,16935,X,完成,2015-12-08,OEM芯体,新乡,1577,L,5-Jun-18,12825,24921,1646,3457,5147,10092,3501,6634,7678,14829,11179,21463,5,"B1795,2018-05-19拆下清洗，发现芯体有裂纹，维修单位：西安鹰之航",,1
47,182820-3,Heat Exchanger,17956,X,完成,2015-12-23,OEM芯体,凯泽,1798,L,15-Jan-19,13429,25460,886,1741,6394,11062,6394,11062,7035,14398,,,5,无,,0
48,182820-3,Heat Exchanger,18145,X,完成,2015-12-17,OEM芯体,海技,1793,R,21-Dec-18,13856,25089,803,1817,6377,10743,6377,10743,7479,14346,,,5,无,,0
49,182820-3,Heat Exchanger,49-4161,X,完成,2015-11-18,OEM芯体,新乡,5823,L,2-Jul-19,32423,61149,233,290,6025,10210,6025,10210,26398,50939,,,6,无,,0
50,182820-3,Heat Exchanger,49-4260,X,完成,2015-11-13,OEM芯体,海技,5462,L,20-Jan-19,34415,62695,716,1382,5906,10437,5906,10437,28509,52258,,,5,无,,0
51,182820-3,Heat Exchanger,5110,X,完成,2015-11-10,OEM芯体,海技,5611,R,28-Jan-19,35012,52725,848,1577,5862,10202,5862,10202,29150,42523,,,4,无,,0
52,182820-3,Heat Exchanger,5119,X,完成,2015-12-02,OEM芯体,新乡,5062,L,27-Mar-17,44398,68986,2,9,1665,3234,1665,3234,42733,65752,,,3,无,,0
53,182820-3,Heat Exchanger,5226,X,完成,2015-12-10,OEM芯体,新乡,7616,L,9-May-19,32881,61526,396,755,5881,10466,5881,10466,27000,51060,,,4,无,,0
54,182820-3,Heat Exchanger,6132,X,完成,2015-12-18,OEM芯体,新乡,1927,L,10-May-19,41992,72202,393,737,5002,9521,5002,9521,36990,62681,,,5,无,,0
55,182820-2,Heat Exchanger,70-10541,X,完成,2015-12-02,OEM芯体,新乡,7991,L,30-Jul-19,46000,77608,49,94,5406,9755,5406,9755,40594,67853,,,6,无,,0
56,182820-2,Heat Exchanger,70-10682,X,完成,2015-12-02,OEM芯体,凯泽,1797,R,31-Mar-19,46650,80154,719,1042,4719,8838,4719,8838,41931,71316,,,4,无,,0
58,182820-3,Heat Exchanger,79-9776R,X,完成,2015-12-31,OEM芯体,海技,1588,R,19-Oct-18,22395,39142,888,1785,5894,9212,5894,9212,16501,29930,,,4,无,,0
59,182820-3,Heat Exchanger,8001,X,完成,2015-12-30,OEM芯体,凯泽,5358,R,1-Jan-19,23854,48927,717,1478,4932,10089,4932,10089,18922,38838,,,5,无,,0
60,182820-3,Heat Exchanger,8235,X,完成,2015-12-18,OEM芯体,新乡,1213,R,25-Jul-19,28022,53328,64,129,5753,10043,3285,5655,22269,43285,25554,48940,5,"B5115,2017-12-28拆下清洗，发现有外部泄露，维修单位：西安鹰之航",,1
61,182820-3,Heat Exchanger,8499,X,完成,2015-12-22,OEM芯体,新乡,5273,R,22-Mar-18,22586,46470,0,0,3338,6600,3338,6600,19248,39870,,,4,无,,0
62,182820-3,Heat Exchanger,8547,X,完成,2015-12-29,OEM芯体,新乡,5522,R,11-Jul-19,24003,48477,135,267,5028,9630,5028,9630,18975,38847,,,6,无,,0
64,182820-3,Heat Exchanger,9052,X,完成,2015-11-20,OEM芯体,新乡,5663,R,26-May-19,19836,43288,346,673,5127,9719,5127,9719,14709,33569,,,5,无,,0
65,182820-2,Heat Exchanger,98-8846,X,完成,2015-11-25,OEM芯体,新乡,5521,L,16-Dec-18,44953,74364,954,1820,5360,9855,5360,9855,39593,64509,,,5,无,,0
